Erwerber,Jahr,Bezirk,"Median-Preis (gesamt, €)","Median-Preis (relativ, €)",Anzahl Transaktionen,Gesamt-Volumen (€),bez_num
Unternehmen,1987,1. Innere Stadt ,1580634.5,2231.9,10,26071900.1,1
Unternehmen,1987,10. Favoriten ,283424.1,198.2,11,4801313.2,10
Unternehmen,1987,11. Simmering ,1652652.8,162.48,2,3305305.6,11
Unternehmen,1987,12. Meidling ,203483.9,215.37,13,12495149.61,12
Unternehmen,1987,13. Hietzing ,363364.2,222.95,4,1802286.3,13
Unternehmen,1987,14. Penzing ,203483.9,148.04,9,3533120.58,14
Unternehmen,1987,15. Rudolfsheim-Fünfhaus ,134444.8,254.1,5,1519055,15
Unternehmen,1987,16. Ottakring ,195178.7,341.65,11,3580539.7,16
Unternehmen,1987,17. Hernals ,130811.1,246.53,6,991984.25,17
Unternehmen,1987,18. Währing ,208571,316.52,11,2860548.1,18
Unternehmen,1987,19. Döbling ,438871.3,319.59,11,12851118.52,19
Unternehmen,1987,2. Leopoldstadt ,156246.6,300.3,5,1615742.03,2
Unternehmen,1987,20. Brigittenau ,122272.06,162.88,4,666879.4311,20
Unternehmen,1987,21. Floridsdorf ,345295.9,113.63,8,3108707.483,21
Unternehmen,1987,22. Donaustadt ,82629.02,65.45,11,2401030.06,22
Unternehmen,1987,23. Liesing ,317857.9,66.2,45,23056563.61,23
Unternehmen,1987,3. Landstraße ,327027.8,369.62,20,27438410.03,3
Unternehmen,1987,4. Wieden ,1010152,1241.56,9,49163686.1,4
Unternehmen,1987,5. Margareten ,94474.69,212.96,5,541412.61,5
Unternehmen,1987,6. Mariahilf ,690391.9,497.3,7,5817533.2,6
Unternehmen,1987,7. Neubau ,683124.6,468.06,15,29872238.13,7
Unternehmen,1987,8. Josefstadt ,404809.5,525.73,3,1353359.3,8
Unternehmen,1987,9. Alsergrund ,623475,492.06,9,6098217.9,9
Unternehmen,1988,1. Innere Stadt ,2386576,3706.85,10,94133120,1
Unternehmen,1988,10. Favoriten ,167147.5,312.65,27,22147807.84,10
Unternehmen,1988,11. Simmering ,179650.9,76.31,16,6681010.3,11
Unternehmen,1988,12. Meidling ,253439.2,185.11,17,5983437.135,12
Unternehmen,1988,13. Hietzing ,370631.45,339.93,18,12079579.14,13
Unternehmen,1988,14. Penzing ,267072.65,244.88,20,7359873.16,14
Unternehmen,1988,15. Rudolfsheim-Fünfhaus ,174414.8,341.81,27,10395866.74,15
Unternehmen,1988,16. Ottakring ,235278.3,290.69,33,10527375.07,16
Unternehmen,1988,17. Hernals ,232553.05,340.63,16,6800446.94,17
Unternehmen,1988,18. Währing ,239820.4,417.81,21,9713451.12,18
Unternehmen,1988,19. Döbling ,327027.8,345.77,33,17236451.6,19
Unternehmen,1988,2. Leopoldstadt ,276156.75,428.71,40,27965732.45,2
Unternehmen,1988,20. Brigittenau ,190110.7,280.28,14,3291963.94,20
Unternehmen,1988,21. Floridsdorf ,80811.76,110.96,15,3785624.9699999997,21
Unternehmen,1988,22. Donaustadt ,150374.6,65.41,21,4169144.542,22
Unternehmen,1988,23. Liesing ,265255.85,129.55,60,36350191.46,23
Unternehmen,1988,3. Landstraße ,218018.5,292.41,29,19028112.68,3
Unternehmen,1988,4. Wieden ,908410.4,865.15,17,18781507.39,4
Unternehmen,1988,5. Margareten ,181682.1,330.13,16,3947514.27,5
Unternehmen,1988,6. Mariahilf ,276156.75,480.37,18,8653154.71,6
Unternehmen,1988,7. Neubau ,697659.2,700.79,21,16448769.23,7
Unternehmen,1988,8. Josefstadt ,328844.55,495.96,10,4100928.09,8
Unternehmen,1988,9. Alsergrund ,327027.8,430.2,18,9527045.74,9
Unternehmen,1989,1. Innere Stadt ,2820066.5,2853.24,8,36683102.5,1
Unternehmen,1989,10. Favoriten ,201848.8,266.88,28,9982973.21,10
Unternehmen,1989,11. Simmering ,218018.5,203.99,21,13007696.79,11
Unternehmen,1989,12. Meidling ,262214.5,326.82,25,10542618.27,12
Unternehmen,1989,13. Hietzing ,254354.9,359.04,9,3216393.78,13
Unternehmen,1989,14. Penzing ,207117.55,300.19,30,9866109.559,14
Unternehmen,1989,15. Rudolfsheim-Fünfhaus ,291054.7,431.15,22,7252458.19,15
Unternehmen,1989,16. Ottakring ,156246.6,322.74,38,7840986.33,16
Unternehmen,1989,17. Hernals ,245634.2,242.24,15,8282449.93,17
Unternehmen,1989,18. Währing ,201667.15,329.95,24,7147191.9,18
Unternehmen,1989,19. Döbling ,472373.4,351.08,43,29234486.81,19
Unternehmen,1989,2. Leopoldstadt ,218018.5,304.32,37,20119955.533,2
Unternehmen,1989,20. Brigittenau ,163513.9,287.24,19,4584954.97,20
Unternehmen,1989,21. Floridsdorf ,136988.3,99.19,16,6642052.65,21
Unternehmen,1989,22. Donaustadt ,145710.05,69.77,30,9305574.983000001,22
Unternehmen,1989,23. Liesing ,307024.6,121.04,57,46171476.77,23
Unternehmen,1989,3. Landstraße ,377898.75,549.17,42,53888265.42,3
Unternehmen,1989,4. Wieden ,606866.6,764.32,21,46106040.6856,4
Unternehmen,1989,5. Margareten ,226339.55,496.59,22,8818049.540000001,5
Unternehmen,1989,6. Mariahilf ,347703.9,561.8,16,5842722.59,6
Unternehmen,1989,7. Neubau ,581382.7,759.27,19,14846993.53,7
Unternehmen,1989,8. Josefstadt ,654055.5,828.26,9,7921338.8,8
Unternehmen,1989,9. Alsergrund ,421502.4,613.9,21,20274636.829,9
Unternehmen,1990,1. Innere Stadt ,3510098,5130.68,25,221189071.9,1
Unternehmen,1990,10. Favoriten ,280396.85,496.58,60,56893959.64,10
Unternehmen,1990,11. Simmering ,345232.35,280.47,26,13652582.36,11
Unternehmen,1990,12. Meidling ,232553.1,387.82,23,15455868.73,12
Unternehmen,1990,13. Hietzing ,363364.2,445.46,23,16314986.72,13
Unternehmen,1990,14. Penzing ,392433.3,423.58,48,26599279.89,14
Unternehmen,1990,15. Rudolfsheim-Fünfhaus ,276156.8,481.37,58,56868625.08,15
Unternehmen,1990,16. Ottakring ,218018.5,393.98,60,18742058.948,16
Unternehmen,1990,17. Hernals ,265255.8,427.9,49,21688989.68,17
Unternehmen,1990,18. Währing ,307406.1,600.2,50,21117086.39,18
Unternehmen,1990,19. Döbling ,530511.7,518.03,41,45428707.41,19
Unternehmen,1990,2. Leopoldstadt ,312493.2,564.1,52,63435321.36,2
Unternehmen,1990,20. Brigittenau ,276156.8,543.15,25,22352057.43,20
Unternehmen,1990,21. Floridsdorf ,225285.8,184.71,20,11043855.11,21
Unternehmen,1990,22. Donaustadt ,174414.8,87.21,49,26908334.513,22
Unternehmen,1990,23. Liesing ,256898.45,139.35,40,21007211.73,23
Unternehmen,1990,3. Landstraße ,566848.1,700.68,45,30684927.28,3
Unternehmen,1990,4. Wieden ,690391.9,953.09,9,8814799.7,4
Unternehmen,1990,5. Margareten ,383712.6,757.01,51,31903011.8,5
Unternehmen,1990,6. Mariahilf ,635887.3,1183.11,24,31758756,6
Unternehmen,1990,7. Neubau ,541412.65,859.23,40,32133564.1,7
Unternehmen,1990,8. Josefstadt ,508709.8,989.71,17,11627799.9,8
Unternehmen,1990,9. Alsergrund ,527604.8,1035.31,45,33918099.2,9
Unternehmen,1991,1. Innere Stadt ,3875642.5,5359.64,20,114999969,1
Unternehmen,1991,10. Favoriten ,318359.35,504.84,50,25850624.54,10
Unternehmen,1991,11. Simmering ,399700.6,157.98,31,28674536.11,11
Unternehmen,1991,12. Meidling ,335452.35,541.21,32,16988500.75,12
Unternehmen,1991,13. Hietzing ,325210.95,407.67,18,12238432.66,13
Unternehmen,1991,14. Penzing ,342434.4,425.7,41,31641918.031,14
Unternehmen,1991,15. Rudolfsheim-Fünfhaus ,350864.45,721.41,32,15245434.754,15
Unternehmen,1991,16. Ottakring ,277973.6,523.12,56,25747090.94,16
Unternehmen,1991,17. Hernals ,268889.5,476.33,30,9641248.76,17
Unternehmen,1991,18. Währing ,505076.2,701.6,48,32148460.91,18
Unternehmen,1991,19. Döbling ,654055.5,661.61,36,29228366.007,19
Unternehmen,1991,2. Leopoldstadt ,363364.2,592.81,30,20406480.38,2
Unternehmen,1991,20. Brigittenau ,327027.8,470.37,29,55990804.41,20
Unternehmen,1991,21. Floridsdorf ,321940.7,130.49,21,13818841.42,21
Unternehmen,1991,22. Donaustadt ,236186.7,124.12,82,55097332.303,22
Unternehmen,1991,23. Liesing ,334927.3,220.21,69,42230419.223,23
Unternehmen,1991,3. Landstraße ,436037,867.42,41,47153515.29,3
Unternehmen,1991,4. Wieden ,466453.3,1112.78,17,14756743.94,4
Unternehmen,1991,5. Margareten ,377898.8,981.26,44,19301016,5
Unternehmen,1991,6. Mariahilf ,763064.8,1090.09,29,54504509.75,6
Unternehmen,1991,7. Neubau ,726728.3,1298.79,21,32084984.6,7
Unternehmen,1991,8. Josefstadt ,675857.4,1225.67,7,5140440.4,8
Unternehmen,1991,9. Alsergrund ,755797.5,1259.77,31,41369970.4,9
Unternehmen,1992,1. Innere Stadt ,4215025,5142.8,17,144880057.342,1
Unternehmen,1992,10. Favoriten ,315327.4,562.55,32,15922363.69,10
Unternehmen,1992,11. Simmering ,257988.6,142.69,17,6727085.19,11
Unternehmen,1992,12. Meidling ,436037,631.94,19,27986113.34,12
Unternehmen,1992,13. Hietzing ,476915.45,432.24,16,12816233.94,13
Unternehmen,1992,14. Penzing ,254354.9,414.8,35,13088384.687,14
Unternehmen,1992,15. Rudolfsheim-Fünfhaus ,466923,619.19,23,16852360.2,15
Unternehmen,1992,16. Ottakring ,336075.55,649.93,36,16303738.2,16
Unternehmen,1992,17. Hernals ,465106.1,598.06,19,15259986.5,17
Unternehmen,1992,18. Währing ,496355.5,898.53,26,13746642.84,18
Unternehmen,1992,19. Döbling ,763064.8,793.76,37,52979937.783,19
Unternehmen,1992,2. Leopoldstadt ,535962.15,963.55,14,24720540.5,2
Unternehmen,1992,20. Brigittenau ,254354.9,545.05,25,34999790.82,20
Unternehmen,1992,21. Floridsdorf ,410612.4,127.18,16,11615415.4,21
Unternehmen,1992,22. Donaustadt ,272523.1,159.77,51,22369721.348,22
Unternehmen,1992,23. Liesing ,370631.5,250.56,56,49912228.273,23
Unternehmen,1992,3. Landstraße ,472373.4,859.68,41,46774166.63,3
Unternehmen,1992,4. Wieden ,2325531,3097.8,9,17456015.2,4
Unternehmen,1992,5. Margareten ,363364.2,853.24,13,5254246.22,5
Unternehmen,1992,6. Mariahilf ,690391.9,1019.67,15,19146188,6
Unternehmen,1992,7. Neubau ,581382.7,776.66,17,14682397.2,7
Unternehmen,1992,8. Josefstadt ,599550.85,1638.9,6,6017311.1,8
Unternehmen,1992,9. Alsergrund ,606818.2,1224.4,22,21370538.4,9
Unternehmen,1993,1. Innere Stadt ,4451211,4859.4,9,46302980.9,1
Unternehmen,1993,10. Favoriten ,359686.9,386.08,24,14267827.09,10
Unternehmen,1993,11. Simmering ,426135.35,226.5,18,11964744.7044,11
Unternehmen,1993,12. Meidling ,357913.75,357.67,14,6794401.55,12
Unternehmen,1993,13. Hietzing ,564086.55,600.12,26,30713591,13
Unternehmen,1993,14. Penzing ,472373.4,558.87,24,19887794.46,14
Unternehmen,1993,15. Rudolfsheim-Fünfhaus ,490541.6,832.92,20,13575284.7,15
Unternehmen,1993,16. Ottakring ,377898.8,704.48,29,13336213.9,16
Unternehmen,1993,17. Hernals ,639520.9,942.37,11,9521013.4,17
Unternehmen,1993,18. Währing ,581382.7,947.45,23,18031583.6,18
Unternehmen,1993,19. Döbling ,690391.9,692.56,27,25673851.63,19
Unternehmen,1993,2. Leopoldstadt ,476007.05,991.52,12,10403814.9,2
Unternehmen,1993,20. Brigittenau ,361547.35,529.74,14,4823514.14,20
Unternehmen,1993,21. Floridsdorf ,474117.6,263.19,16,15617782.04,21
Unternehmen,1993,22. Donaustadt ,283424.05,180.68,54,31384421.426,22
Unternehmen,1993,23. Liesing ,341562.3,308.5,51,36076862.93,23
Unternehmen,1993,3. Landstraße ,799401.2,899.49,21,22574036.3,3
Unternehmen,1993,4. Wieden ,853905.8,1013.32,7,7017064.6,4
Unternehmen,1993,5. Margareten ,508709.8,818.85,19,15956048,5
Unternehmen,1993,6. Mariahilf ,3560969,3467.53,4,19948697.1,6
Unternehmen,1993,7. Neubau ,944746.9,1096.92,18,25206618.7,7
Unternehmen,1993,8. Josefstadt ,639520.9,966.39,13,10048618.1,8
Unternehmen,1993,9. Alsergrund ,839371.25,1401.47,16,15765354.6,9
Unternehmen,1994,1. Innere Stadt ,3851660,6182.44,11,68696979.4,1
Unternehmen,1994,10. Favoriten ,588650,404.47,26,22795858.135,10
Unternehmen,1994,11. Simmering ,410601.5,215.33,21,20727795.39,11
Unternehmen,1994,12. Meidling ,381532.4,715.87,28,28860177.72,12
Unternehmen,1994,13. Hietzing ,436037,498.74,11,7771996.6,13
Unternehmen,1994,14. Penzing ,414235.2,397.09,37,27223246.25,14
Unternehmen,1994,15. Rudolfsheim-Fünfhaus ,366997.8,621.56,24,15025849.53,15
Unternehmen,1994,16. Ottakring ,566848.1,680.97,23,23530373.87,16
Unternehmen,1994,17. Hernals ,799401.2,633.5,13,12828051.27284,17
Unternehmen,1994,18. Währing ,581382.7,904.88,21,17519603.79,18
Unternehmen,1994,19. Döbling ,1090093,727.06,21,43498834.77,19
Unternehmen,1994,2. Leopoldstadt ,494175.3,527.26,6,5277056.3,2
Unternehmen,1994,20. Brigittenau ,432403.35,532.36,14,19813669.999,20
Unternehmen,1994,21. Floridsdorf ,198033.5,291.74,20,9330490.49,21
Unternehmen,1994,22. Donaustadt ,167147.5,134.44,59,36098518.467,22
Unternehmen,1994,23. Liesing ,268889.5,259.55,31,24563126.53,23
Unternehmen,1994,3. Landstraße ,639520.9,1008.91,15,16344949.047,3
Unternehmen,1994,4. Wieden ,773057.3,1442.31,6,5971890.9,4
Unternehmen,1994,5. Margareten ,465106.15,981.33,16,9267734.1,5
Unternehmen,1994,6. Mariahilf ,944746.9,1713.31,11,16636991.7,6
Unternehmen,1994,7. Neubau ,565031.25,930.14,24,22976855.583,7
Unternehmen,1994,8. Josefstadt ,763064.8,1594.29,9,17235674.6,8
Unternehmen,1994,9. Alsergrund ,513070.2,868.53,14,10196725.8,9
Unternehmen,1995,1. Innere Stadt ,3706315,6527.5,11,51292484.6,1
Unternehmen,1995,10. Favoriten ,584798.3,334.79,24,14847604.93,10
Unternehmen,1995,11. Simmering ,426952.9,247.63,14,6611005.399,11
Unternehmen,1995,12. Meidling ,327027.8,537.69,27,20849637.93,12
Unternehmen,1995,13. Hietzing ,428769.7,516.59,17,7922792.4,13
Unternehmen,1995,14. Penzing ,572298.55,359.36,20,12189966.54,14
Unternehmen,1995,15. Rudolfsheim-Fünfhaus ,494175.25,932.69,18,17525782.2,15
Unternehmen,1995,16. Ottakring ,348829.6,663.68,19,11689859.26,16
Unternehmen,1995,17. Hernals ,116276.5,387.28,11,6254655.531,17
Unternehmen,1995,18. Währing ,726728.3,814.91,15,12877988.7,18
Unternehmen,1995,19. Döbling ,866623.6,712.31,22,22480833.361,19
Unternehmen,1995,2. Leopoldstadt ,337928.7,654.06,13,12901281.8,2
Unternehmen,1995,20. Brigittenau ,308859.5,625.96,9,3680588.3,20
Unternehmen,1995,21. Floridsdorf ,543456.3,257.79,14,33749716.883,21
Unternehmen,1995,22. Donaustadt ,363364.2,163.51,58,56719594.0501,22
Unternehmen,1995,23. Liesing ,550787.4,288.04,50,47350126.455,23
Unternehmen,1995,3. Landstraße ,363364.2,789.92,13,12591845.89,3
Unternehmen,1995,4. Wieden ,984716.85,1395.65,16,16868310.9,4
Unternehmen,1995,5. Margareten ,436037,724.8,13,8078443.3,5
Unternehmen,1995,6. Mariahilf ,581382.7,1518.65,8,13764235.9,6
Unternehmen,1995,7. Neubau ,726728.3,873.91,11,18742687.6,7
Unternehmen,1995,8. Josefstadt ,726728.3,1900.87,3,2412738.4,8
Unternehmen,1995,9. Alsergrund ,577749.05,1105.76,6,4344381.87,9
Unternehmen,1996,1. Innere Stadt ,3110397,4884.44,6,27242329,1
Unternehmen,1996,10. Favoriten ,501442.6,482.65,23,25733451.71,10
Unternehmen,1996,11. Simmering ,507220,199.85,27,39799908.117,11
Unternehmen,1996,12. Meidling ,465106.1,707.09,23,17065856.12,12
Unternehmen,1996,13. Hietzing ,412418.35,507.86,12,8365800.68,13
Unternehmen,1996,14. Penzing ,336111.85,397.96,22,21339837.9,14
Unternehmen,1996,15. Rudolfsheim-Fünfhaus ,505076.2,843.88,25,20498463.7,15
Unternehmen,1996,16. Ottakring ,287057.7,568.62,19,7518877.18,16
Unternehmen,1996,17. Hernals ,337928.7,535.54,21,7830578.07,17
Unternehmen,1996,18. Währing ,363364.2,890.6,17,11806501.301,18
Unternehmen,1996,19. Döbling ,667863.4,726.73,25,17042653.092,19
Unternehmen,1996,2. Leopoldstadt ,554130.35,1174.44,16,74337187.7,2
Unternehmen,1996,20. Brigittenau ,617719.1,586.34,12,29821120.63,20
Unternehmen,1996,21. Floridsdorf ,252538.1,266.45,16,17295017.34,21
Unternehmen,1996,22. Donaustadt ,334295.05,145.35,54,45483663.86,22
Unternehmen,1996,23. Liesing ,732047.8,272.14,28,55765624.877,23
Unternehmen,1996,3. Landstraße ,861173.1,910.49,26,56121229.63,3
Unternehmen,1996,4. Wieden ,1068291,1586.74,7,18971245.1,4
Unternehmen,1996,5. Margareten ,475775.2,867.64,16,16878166,5
Unternehmen,1996,6. Mariahilf ,486908,971.86,8,3659804,6
Unternehmen,1996,7. Neubau ,1235438.5,1238.91,12,23204437.4,7
Unternehmen,1996,8. Josefstadt ,1017419.95,1439.07,8,8397364.7,8
Unternehmen,1996,9. Alsergrund ,654055.5,1335.9,11,9685834.99,9
Unternehmen,1997,1. Innere Stadt ,9084104,7071.46,13,96800220,1
Unternehmen,1997,10. Favoriten ,274703.3,526.61,15,35192914.26,10
Unternehmen,1997,11. Simmering ,222218,188.95,6,1928259.19,11
Unternehmen,1997,12. Meidling ,370631.45,617.5,14,11001504.66,12
Unternehmen,1997,13. Hietzing ,1071924.5,516.7,8,7732027.1,13
Unternehmen,1997,14. Penzing ,327027.8,422.94,22,19104028.99,14
Unternehmen,1997,15. Rudolfsheim-Fünfhaus ,454205.2,653.86,20,12210950.9,15
Unternehmen,1997,16. Ottakring ,537779,838.74,19,17539590.383,16
Unternehmen,1997,17. Hernals ,270706.35,480.73,16,7224624.75,17
Unternehmen,1997,18. Währing ,508709.8,530.46,15,8425907.337,18
Unternehmen,1997,19. Döbling ,363364.2,564.57,19,21983881.48,19
Unternehmen,1997,2. Leopoldstadt ,668953.45,952.68,24,62160004.14,2
Unternehmen,1997,20. Brigittenau ,624986.4,1103.68,17,11167634.71,20
Unternehmen,1997,21. Floridsdorf ,239820.4,255.67,13,6920186.21,21
Unternehmen,1997,22. Donaustadt ,630989.1,207.12,54,57666533.831,22
Unternehmen,1997,23. Liesing ,381804.2,290.69,39,40841977.077,23
Unternehmen,1997,3. Landstraße ,690391.9,994.7,27,78304544.24,3
Unternehmen,1997,4. Wieden ,1465048,1814.26,10,26256985.8,4
Unternehmen,1997,5. Margareten ,545046.3,1121.49,15,12520440.2,5
Unternehmen,1997,6. Mariahilf ,773965.7,1017.58,8,11075339.9,6
Unternehmen,1997,7. Neubau ,981083.3,1418.94,15,21362180.6,7
Unternehmen,1997,8. Josefstadt ,570282.8,1231.88,10,9230506.3,8
Unternehmen,1997,9. Alsergrund ,763064.8,1777.4,9,12693038.2,9
Unternehmen,1998,1. Innere Stadt ,7830498,8778.53,10,84196883,1
Unternehmen,1998,10. Favoriten ,348829.6,598.15,19,10509026.31,10
Unternehmen,1998,11. Simmering ,299775.45,199.65,18,22307704.41,11
Unternehmen,1998,12. Meidling ,283424.05,567.17,16,21559953.08,12
Unternehmen,1998,13. Hietzing ,1048269,820.58,8,9060412.9,13
Unternehmen,1998,14. Penzing ,581382.7,599.92,24,21151501.8,14
Unternehmen,1998,15. Rudolfsheim-Fünfhaus ,617719.1,1261.26,15,52039818.9,15
Unternehmen,1998,16. Ottakring ,361547.4,572.81,20,12799717.6,16
Unternehmen,1998,17. Hernals ,378352.95,508.98,16,9509713.39,17
Unternehmen,1998,18. Währing ,599550.9,905.75,18,16444408.72,18
Unternehmen,1998,19. Döbling ,943002.7,878.94,30,50620959.51,19
Unternehmen,1998,2. Leopoldstadt ,388931.2,699.19,24,23018189.12,2
Unternehmen,1998,20. Brigittenau ,421502.4,676.22,15,25813604.4,20
Unternehmen,1998,21. Floridsdorf ,867693.65,242.99,16,26842876.3,21
Unternehmen,1998,22. Donaustadt ,722665.9,210.75,44,34862658.924,22
Unternehmen,1998,23. Liesing ,592283.6,331.41,29,38587658.159,23
Unternehmen,1998,3. Landstraße ,1116799.8,1223.25,20,79676531.34,3
Unternehmen,1998,4. Wieden ,2071176,1586.74,7,17615895.6,4
Unternehmen,1998,5. Margareten ,425136.1,921.05,16,16407542.8,5
Unternehmen,1998,6. Mariahilf ,479640.7,1018.18,21,20159445,6
Unternehmen,1998,7. Neubau ,853905.8,1409.06,20,29612000.5,7
Unternehmen,1998,8. Josefstadt ,726728.3,1289.86,13,11477657.5,8
Unternehmen,1998,9. Alsergrund ,1090093,1524.61,11,25078015.6,9
Unternehmen,1999,1. Innere Stadt ,7267284,6072.66,11,99016816,1
Unternehmen,1999,10. Favoriten ,611334.8,769.35,18,15471913.84,10
Unternehmen,1999,11. Simmering ,414584,168.61,9,4153811.1,11
Unternehmen,1999,12. Meidling ,563214.5,666.35,22,21503165.11,12
Unternehmen,1999,13. Hietzing ,366997.85,362.94,10,4874385.6,13
Unternehmen,1999,14. Penzing ,452388.35,574.84,10,5517892.11,14
Unternehmen,1999,15. Rudolfsheim-Fünfhaus ,1453457,1010.05,9,9529371.3,15
Unternehmen,1999,16. Ottakring ,378262.1,626.62,16,15056379.9,16
Unternehmen,1999,17. Hernals ,436037,589.24,7,4946114,17
Unternehmen,1999,18. Währing ,675857.35,820.87,24,19226107.89,18
Unternehmen,1999,19. Döbling ,1013059,753.85,21,28364570,19
Unternehmen,1999,2. Leopoldstadt ,513620.15,800.08,30,24579229.96,2
Unternehmen,1999,20. Brigittenau ,494175.3,774.23,15,9229450.3,20
Unternehmen,1999,21. Floridsdorf ,297231.9,283.42,17,9145198.3452,21
Unternehmen,1999,22. Donaustadt ,335748.45,199.85,34,18583909.3862,22
Unternehmen,1999,23. Liesing ,480533.8,230.72,28,22619914.522,23
Unternehmen,1999,3. Landstraße ,835737.6,893.76,31,58002702.8,3
Unternehmen,1999,4. Wieden ,1405310.5,1624.67,6,10448536.3,4
Unternehmen,1999,5. Margareten ,639520.95,918.6,12,8875533.1,5
Unternehmen,1999,6. Mariahilf ,1671475,1001,7,15741773.2,6
Unternehmen,1999,7. Neubau ,944746.9,1565.18,19,28655194.1,7
Unternehmen,1999,8. Josefstadt ,1388051,2431.8,12,19717883.7,8
Unternehmen,1999,9. Alsergrund ,1090093,1811.55,24,43230163.8,9
Unternehmen,2000,1. Innere Stadt ,4718102.5,6684.17,18,119393111,1
Unternehmen,2000,10. Favoriten ,341562.3,401.31,19,16594225.24,10
Unternehmen,2000,11. Simmering ,617719.05,254.05,20,90607985.87,11
Unternehmen,2000,12. Meidling ,396066.9,807.48,19,11974940.5,12
Unternehmen,2000,13. Hietzing ,799401.2,699.48,11,11724309,13
Unternehmen,2000,14. Penzing ,428188.35,436.88,14,5876616.17,14
Unternehmen,2000,15. Rudolfsheim-Fünfhaus ,374265.1,715.48,18,8304469.7,15
Unternehmen,2000,16. Ottakring ,363364.2,671.36,14,15576331.2,16
Unternehmen,2000,17. Hernals ,465106.1,545.16,7,3299346.7,17
Unternehmen,2000,18. Währing ,635887.3,911.03,18,13808310.374,18
Unternehmen,2000,19. Döbling ,785956.7,924.31,12,9596219.3,19
Unternehmen,2000,2. Leopoldstadt ,363364.2,488.79,29,39125290.022,2
Unternehmen,2000,20. Brigittenau ,338110.4,643.53,10,9867663,20
Unternehmen,2000,21. Floridsdorf ,268889.5,201.59,27,23739709.943,21
Unternehmen,2000,22. Donaustadt ,421139.05,210.58,50,54698978.819,22
Unternehmen,2000,23. Liesing ,1177300,337.19,35,64723043.204,23
Unternehmen,2000,3. Landstraße ,795767.65,880.07,24,85822577.209,3
Unternehmen,2000,4. Wieden ,1351715,1354.27,9,16005248.8,4
Unternehmen,2000,5. Margareten ,869167.1,938,16,19110835.3,5
Unternehmen,2000,6. Mariahilf ,1017419.65,1062.39,10,12790418.8,6
Unternehmen,2000,7. Neubau ,822965.7,1505.24,19,38431269.417,7
Unternehmen,2000,8. Josefstadt ,1722346,2179.47,9,21455875.5,8
Unternehmen,2000,9. Alsergrund ,1017420,1352.95,15,19282439.7,9
Unternehmen,2001,1. Innere Stadt ,3778988,5749.43,17,87872219,1
Unternehmen,2001,10. Favoriten ,337928.65,340.33,10,3888105.2199999997,10
Unternehmen,2001,11. Simmering ,515341.2,307.41,16,28599012.85,11
Unternehmen,2001,12. Meidling ,472373.4,817.78,19,58633598.8357,12
Unternehmen,2001,13. Hietzing ,632253.7,480.22,11,7184371.0827,13
Unternehmen,2001,14. Penzing ,445121.1,592.32,10,11397175,14
Unternehmen,2001,15. Rudolfsheim-Fünfhaus ,406967.9,836.4,10,10744679,15
Unternehmen,2001,16. Ottakring ,279427.05,485.55,30,16507992.36,16
Unternehmen,2001,17. Hernals ,403335.35,760.87,14,6689082.97,17
Unternehmen,2001,18. Währing ,434220.2,954.57,10,5922472.4,18
Unternehmen,2001,19. Döbling ,763064.8,897.47,7,11618155.828,19
Unternehmen,2001,2. Leopoldstadt ,733995.6,1217.76,19,26663736.4,2
Unternehmen,2001,20. Brigittenau ,1969434,637.15,10,16773006.4,20
Unternehmen,2001,21. Floridsdorf ,461472.5,267.86,22,21171646.39,21
Unternehmen,2001,22. Donaustadt ,327027.8,235.95,32,13576443.104,22
Unternehmen,2001,23. Liesing ,433529.8,239.27,36,42178725.176,23
Unternehmen,2001,3. Landstraße ,915677.7,1202.97,17,26770138.49,3
Unternehmen,2001,4. Wieden ,548679.9,908.76,7,4326213.8,4
Unternehmen,2001,5. Margareten ,501442.55,877.42,12,7993103.91,5
Unternehmen,2001,6. Mariahilf ,654055.5,1090.09,17,31917811.07,6
Unternehmen,2001,7. Neubau ,1209276,1874.91,14,22780390.8,7
Unternehmen,2001,8. Josefstadt ,813935.8,1762.24,7,9138608.8,8
Unternehmen,2001,9. Alsergrund ,686758.3,1579.84,7,5146653.5,9
Unternehmen,2002,1. Innere Stadt ,12427190,16686.76,8,113474072,1
Unternehmen,2002,10. Favoriten ,690391.9,625.37,15,18941483.9,10
Unternehmen,2002,11. Simmering ,739130.4,237.4,10,20375373.893,11
Unternehmen,2002,12. Meidling ,406967.9,579.71,25,35976459.2,12
Unternehmen,2002,13. Hietzing ,453194,1153.85,7,5219469.5,13
Unternehmen,2002,14. Penzing ,450572,729.08,13,48246614,14
Unternehmen,2002,15. Rudolfsheim-Fünfhaus ,430000,852.66,12,16907163.7,15
Unternehmen,2002,16. Ottakring ,392640,702.72,9,4140011.569,16
Unternehmen,2002,17. Hernals ,233525.1,502.2,9,3062134.56,17
Unternehmen,2002,18. Währing ,888655.5,1064.71,2,1777311,18
Unternehmen,2002,19. Döbling ,1239073,605.56,10,27211279.025,19
Unternehmen,2002,2. Leopoldstadt ,525488.95,1113.73,36,162515042.17,2
Unternehmen,2002,20. Brigittenau ,588649.9,518.81,17,11283687.313,20
Unternehmen,2002,21. Floridsdorf ,261811,269.79,28,27753514.275,21
Unternehmen,2002,22. Donaustadt ,348235.75,187.1,31,28898984.5798,22
Unternehmen,2002,23. Liesing ,488177.5,247.58,26,49443295.61,23
Unternehmen,2002,3. Landstraße ,1400000,1080,21,80966850.38,3
Unternehmen,2002,4. Wieden ,2107512,1981.71,11,26369971,4
Unternehmen,2002,5. Margareten ,781232.75,1361.74,4,3416521,5
Unternehmen,2002,6. Mariahilf ,915700,1177.99,9,8699247.4,6
Unternehmen,2002,7. Neubau ,1071202.5,1300.73,24,30436673.02,7
Unternehmen,2002,8. Josefstadt ,1309431,1547.48,8,13622608.5,8
Unternehmen,2002,9. Alsergrund ,872074,1356.96,17,25078914.74,9
Unternehmen,2003,1. Innere Stadt ,7287300,9984.52,17,137592548,1
Unternehmen,2003,10. Favoriten ,280000,356.36,13,19581778.67,10
Unternehmen,2003,11. Simmering ,770000,324.8,19,40444112.9,11
Unternehmen,2003,12. Meidling ,365000,669.96,20,12082089.9869,12
Unternehmen,2003,13. Hietzing ,607500,772.53,10,7730499.01,13
Unternehmen,2003,14. Penzing ,400000,321.34,9,8096298.003,14
Unternehmen,2003,15. Rudolfsheim-Fünfhaus ,387500,807.02,21,12180875.68,15
Unternehmen,2003,16. Ottakring ,366658,724.3,9,3534398,16
Unternehmen,2003,17. Hernals ,465000,785.46,12,8517800,17
Unternehmen,2003,18. Währing ,384000,1200,3,1793000,18
Unternehmen,2003,19. Döbling ,392500,581.38,7,18376253.71,19
Unternehmen,2003,2. Leopoldstadt ,647500,859.55,26,29002583.25,2
Unternehmen,2003,20. Brigittenau ,571000,810.19,15,8870949,20
Unternehmen,2003,21. Floridsdorf ,436218.5,254.75,47,47754205.609,21
Unternehmen,2003,22. Donaustadt ,438000,201.94,29,29876442.43,22
Unternehmen,2003,23. Liesing ,470000,275.23,33,37675069.8,23
Unternehmen,2003,3. Landstraße ,1450000,1240.46,22,72188284,3
Unternehmen,2003,4. Wieden ,1420000,2956.2,13,34628174,4
Unternehmen,2003,5. Margareten ,750000,1607.14,13,15843402,5
Unternehmen,2003,6. Mariahilf ,800000,1303.19,19,59032656.9,6
Unternehmen,2003,7. Neubau ,1380000,1193.32,27,82311366.5,7
Unternehmen,2003,8. Josefstadt ,1240000,2168.45,12,16308565.9,8
Unternehmen,2003,9. Alsergrund ,1461728.5,1996.78,36,86358218.8,9
Unternehmen,2004,1. Innere Stadt ,5875000,7711.81,12,100625090,1
Unternehmen,2004,10. Favoriten ,400000,538.35,25,11608013.08,10
Unternehmen,2004,11. Simmering ,485000,334,17,12536320,11
Unternehmen,2004,12. Meidling ,390000,666.67,29,18884119.02,12
Unternehmen,2004,13. Hietzing ,675000,814.04,14,11754340,13
Unternehmen,2004,14. Penzing ,740000,447.43,5,9946846,14
Unternehmen,2004,15. Rudolfsheim-Fünfhaus ,600000,911.85,19,15777303.7,15
Unternehmen,2004,16. Ottakring ,600000,974.49,15,16587000,16
Unternehmen,2004,17. Hernals ,473166,733.58,10,8941703.5,17
Unternehmen,2004,18. Währing ,505000,862.72,7,2809830,18
Unternehmen,2004,19. Döbling ,142500,630,11,7410137,19
Unternehmen,2004,2. Leopoldstadt ,620000,837.51,30,34624375.2,2
Unternehmen,2004,20. Brigittenau ,770000,959.86,23,58843123.7,20
Unternehmen,2004,21. Floridsdorf ,257170,249.6,41,17043797.45,21
Unternehmen,2004,22. Donaustadt ,290000,183.63,43,36973933.44,22
Unternehmen,2004,23. Liesing ,463700,284.95,32,35704541.3,23
Unternehmen,2004,3. Landstraße ,1300000,1750,21,168747537,3
Unternehmen,2004,4. Wieden ,2600000,3733.61,6,20131640,4
Unternehmen,2004,5. Margareten ,650000,1804.36,21,26548500,5
Unternehmen,2004,6. Mariahilf ,1480000,1673.94,17,34731963,6
Unternehmen,2004,7. Neubau ,1635000,2565.96,20,42730022,7
Unternehmen,2004,8. Josefstadt ,1100000,2152.32,9,20780769,8
Unternehmen,2004,9. Alsergrund ,1332500,1973.1,28,81810789,9
Unternehmen,2005,1. Innere Stadt ,4897500,10503.2,8,89089000,1
Unternehmen,2005,10. Favoriten ,650000,1019.79,25,25008575,10
Unternehmen,2005,11. Simmering ,1000000,310.85,23,54547610,11
Unternehmen,2005,12. Meidling ,417500,688.59,30,65055308,12
Unternehmen,2005,13. Hietzing ,485400,446.51,14,11998736.98,13
Unternehmen,2005,14. Penzing ,450000,497.87,27,19684360,14
Unternehmen,2005,15. Rudolfsheim-Fünfhaus ,440000,912.81,15,12346200,15
Unternehmen,2005,16. Ottakring ,408000,897.44,17,8293750,16
Unternehmen,2005,17. Hernals ,406550,548.95,17,6960560,17
Unternehmen,2005,18. Währing ,715000,756.82,8,4847230,18
Unternehmen,2005,19. Döbling ,508710,566.45,27,35782682,19
Unternehmen,2005,2. Leopoldstadt ,780000,1272.27,32,33850930.9,2
Unternehmen,2005,20. Brigittenau ,650000,1001.76,29,37519050.8,20
Unternehmen,2005,21. Floridsdorf ,329300,398.52,36,31750819,21
Unternehmen,2005,22. Donaustadt ,266220,261.4,58,43816660.18,22
Unternehmen,2005,23. Liesing ,610000,278.64,46,80855699.7,23
Unternehmen,2005,3. Landstraße ,1135450,1231.27,26,64820588,3
Unternehmen,2005,4. Wieden ,1070000,1748.82,14,24070000,4
Unternehmen,2005,5. Margareten ,740000,1403.7,30,28760400,5
Unternehmen,2005,6. Mariahilf ,900000,1390.24,17,45596319,6
Unternehmen,2005,7. Neubau ,1200000,1906.48,28,39338573,7
Unternehmen,2005,8. Josefstadt ,1090000,2201.84,24,38035000,8
Unternehmen,2005,9. Alsergrund ,980000,2071.97,39,51920894,9
Unternehmen,2006,1. Innere Stadt ,9250000,13095.83,23,296658011,1
Unternehmen,2006,10. Favoriten ,455000,751.88,19,17557482,10
Unternehmen,2006,11. Simmering ,404167,342,23,24312249,11
Unternehmen,2006,12. Meidling ,791250,1059.43,42,72179863.9,12
Unternehmen,2006,13. Hietzing ,460000,600.84,25,17936288.6,13
Unternehmen,2006,14. Penzing ,627072,770,11,17072822,14
Unternehmen,2006,15. Rudolfsheim-Fünfhaus ,667500,1076.12,6,6176000,15
Unternehmen,2006,16. Ottakring ,477500,581.27,10,5560001.1,16
Unternehmen,2006,17. Hernals ,330000,600,5,1792000,17
Unternehmen,2006,18. Währing ,1229000,927.21,4,5978000,18
Unternehmen,2006,19. Döbling ,250000,480,15,29467900,19
Unternehmen,2006,2. Leopoldstadt ,970000,1157.13,27,98179391.9,2
Unternehmen,2006,20. Brigittenau ,880000,1441.15,21,50541117.4,20
Unternehmen,2006,21. Floridsdorf ,304166.5,341.77,36,21415481.45,21
Unternehmen,2006,22. Donaustadt ,329500,232.96,58,59254854.7,22
Unternehmen,2006,23. Liesing ,529275,276,52,59469319.4,23
Unternehmen,2006,3. Landstraße ,1493775,2143.87,30,84160165,3
Unternehmen,2006,4. Wieden ,4463659,4465.93,6,27961405,4
Unternehmen,2006,5. Margareten ,566300,1402.54,23,53848580,5
Unternehmen,2006,6. Mariahilf ,839612,1457.99,16,20073824,6
Unternehmen,2006,7. Neubau ,1500000,2298.42,27,68343371,7
Unternehmen,2006,8. Josefstadt ,2175000,3245.32,6,16490000,8
Unternehmen,2006,9. Alsergrund ,1650000,3033.71,38,111001495,9
Unternehmen,2007,1. Innere Stadt ,13166180,15549.83,11,164375680,1
Unternehmen,2007,10. Favoriten ,710000,971.27,25,30667556,10
Unternehmen,2007,11. Simmering ,300000,342.64,25,12217043,11
Unternehmen,2007,12. Meidling ,545000,1037.34,29,38205291,12
Unternehmen,2007,13. Hietzing ,690000,853.24,29,29938065,13
Unternehmen,2007,14. Penzing ,610000,800.89,8,17281330,14
Unternehmen,2007,15. Rudolfsheim-Fünfhaus ,955000,928.13,4,4310000,15
Unternehmen,2007,16. Ottakring ,405000,836.79,12,10243340,16
Unternehmen,2007,17. Hernals ,415000,710.7,8,3207476,17
Unternehmen,2007,18. Währing ,1412500,991.2,4,4875000,18
Unternehmen,2007,19. Döbling ,600000,556.4,23,31354213,19
Unternehmen,2007,2. Leopoldstadt ,1100000,1552.11,36,155870755,2
Unternehmen,2007,20. Brigittenau ,860000,1594.49,21,33899133,20
Unternehmen,2007,21. Floridsdorf ,451000,320,32,24310093,21
Unternehmen,2007,22. Donaustadt ,400000,271.37,54,42539733,22
Unternehmen,2007,23. Liesing ,562500,293.03,48,43022577.3,23
Unternehmen,2007,3. Landstraße ,807500,1539.1,26,54473750,3
Unternehmen,2007,4. Wieden ,1475000,3800.4,10,35687000,4
Unternehmen,2007,5. Margareten ,1025000,2065.77,24,51722741.1,5
Unternehmen,2007,6. Mariahilf ,1550787,2873.55,10,31476574,6
Unternehmen,2007,7. Neubau ,1600000,2690.29,27,157199069,7
Unternehmen,2007,8. Josefstadt ,901234.5,2878.53,9,9849322,8
Unternehmen,2007,9. Alsergrund ,1355000,2721.36,14,49755500,9
Unternehmen,2008,1. Innere Stadt ,12500000,16547.83,10,127566100,1
Unternehmen,2008,10. Favoriten ,615900,700.43,11,14674300,10
Unternehmen,2008,11. Simmering ,855000,334.94,20,42265880,11
Unternehmen,2008,12. Meidling ,600000,1040,47,52324751,12
Unternehmen,2008,13. Hietzing ,542000,1231.53,11,12219351,13
Unternehmen,2008,14. Penzing ,700284,844.9,14,19861283,14
Unternehmen,2008,15. Rudolfsheim-Fünfhaus ,1545000,1552.76,9,26017636,15
Unternehmen,2008,16. Ottakring ,751500,737.99,10,17321000,16
Unternehmen,2008,17. Hernals ,580000,981.82,11,8082923,17
Unternehmen,2008,18. Währing ,1443050,1071.67,8,15829380,18
Unternehmen,2008,19. Döbling ,393182.5,580,22,16937195,19
Unternehmen,2008,2. Leopoldstadt ,1050000,1309.86,25,104960454.96,2
Unternehmen,2008,20. Brigittenau ,700000,1479.8,19,17303000,20
Unternehmen,2008,21. Floridsdorf ,561430,210,56,61195005,21
Unternehmen,2008,22. Donaustadt ,390000,250,61,70361730.99,22
Unternehmen,2008,23. Liesing ,577947.5,360.73,46,59052119.25,23
Unternehmen,2008,3. Landstraße ,2040000,2467.92,28,108020652,3
Unternehmen,2008,4. Wieden ,1719000,2427.92,9,35952750,4
Unternehmen,2008,5. Margareten ,1245000,2006.52,20,35556349,5
Unternehmen,2008,6. Mariahilf ,1600000,1860.47,19,35095000,6
Unternehmen,2008,7. Neubau ,2100000,3051.32,19,70268300,7
Unternehmen,2008,8. Josefstadt ,1865000,3742.52,16,36387000,8
Unternehmen,2008,9. Alsergrund ,1850000,2486.91,11,18879000,9
Unternehmen,2009,1. Innere Stadt ,10555000,14125.25,20,277811180,1
Unternehmen,2009,10. Favoriten ,941317,1325.13,14,30673740,10
Unternehmen,2009,11. Simmering ,376000,394.74,13,12579828,11
Unternehmen,2009,12. Meidling ,900000,993.38,25,27225179.6,12
Unternehmen,2009,13. Hietzing ,655000,678.92,12,12409975,13
Unternehmen,2009,14. Penzing ,798380,506.73,23,39983739,14
Unternehmen,2009,15. Rudolfsheim-Fünfhaus ,800000,1503.76,9,7724850,15
Unternehmen,2009,16. Ottakring ,849902.5,1363.53,12,11113655,16
Unternehmen,2009,17. Hernals ,576494.5,964.54,12,9290989,17
Unternehmen,2009,18. Währing ,950000,1738.49,28,31400501,18
Unternehmen,2009,19. Döbling ,1008000,898.06,31,44087346.4,19
Unternehmen,2009,2. Leopoldstadt ,1235000,1825.51,31,77536423,2
Unternehmen,2009,20. Brigittenau ,750000,1252.65,20,23218000,20
Unternehmen,2009,21. Floridsdorf ,185000,227.27,34,25050354.1,21
Unternehmen,2009,22. Donaustadt ,330000,260,54,61994143,22
Unternehmen,2009,23. Liesing ,545000,402.04,38,35154859.6,23
Unternehmen,2009,3. Landstraße ,3150000,5629.7,13,128984330,3
Unternehmen,2009,4. Wieden ,2155000,4072.43,12,36485000,4
Unternehmen,2009,5. Margareten ,430000,1200,9,5936260,5
Unternehmen,2009,6. Mariahilf ,1875000,2072.5,11,29277000,6
Unternehmen,2009,7. Neubau ,1720000,2275.08,25,54802245,7
Unternehmen,2009,8. Josefstadt ,2184500,3503.74,12,35469000,8
Unternehmen,2009,9. Alsergrund ,3100000,3798.34,21,74726300,9
Unternehmen,2010,1. Innere Stadt ,12000000,17034.48,9,123496500,1
Unternehmen,2010,10. Favoriten ,660983.95,414.16,22,25435873.1,10
Unternehmen,2010,11. Simmering ,654142,290,17,30398993,11
Unternehmen,2010,12. Meidling ,850000,1284.11,35,99191645,12
Unternehmen,2010,13. Hietzing ,650000,611.45,19,14989840,13
Unternehmen,2010,14. Penzing ,790000,616.37,21,24704012,14
Unternehmen,2010,15. Rudolfsheim-Fünfhaus ,1175000,1501.73,22,25896960,15
Unternehmen,2010,16. Ottakring ,840000,1114.93,14,16767430,16
Unternehmen,2010,17. Hernals ,620000,1293.63,23,21153800,17
Unternehmen,2010,18. Währing ,1120000,1576.18,33,41496977.1,18
Unternehmen,2010,19. Döbling ,1294736.5,1372.51,26,47418684,19
Unternehmen,2010,2. Leopoldstadt ,1400000,2050.11,24,44790845,2
Unternehmen,2010,20. Brigittenau ,900000,2322.83,13,15037500,20
Unternehmen,2010,21. Floridsdorf ,260000,338.05,42,27162171.483,21
Unternehmen,2010,22. Donaustadt ,459500,305,54,62188672,22
Unternehmen,2010,23. Liesing ,570000,313.48,47,47788077.6,23
Unternehmen,2010,3. Landstraße ,2965000,2759.09,18,89821260,3
Unternehmen,2010,4. Wieden ,2130000,3996.98,11,41662286,4
Unternehmen,2010,5. Margareten ,1550000,2373.71,20,36203000,5
Unternehmen,2010,6. Mariahilf ,1675000,3770.26,10,24485679,6
Unternehmen,2010,7. Neubau ,2550000,3233.41,16,100673300,7
Unternehmen,2010,8. Josefstadt ,2190000,2710.63,8,22160000,8
Unternehmen,2010,9. Alsergrund ,2200000,4223.82,16,41272009,9
Unternehmen,2011,1. Innere Stadt ,19000000,17878.43,7,124013500,1
Unternehmen,2011,10. Favoriten ,1274369.5,1613.18,22,39740366,10
Unternehmen,2011,11. Simmering ,734166.5,353.43,16,60294823,11
Unternehmen,2011,12. Meidling ,764250,1194.66,26,25953255,12
Unternehmen,2011,13. Hietzing ,675000,870,20,28278730,13
Unternehmen,2011,14. Penzing ,772500,1201.63,20,16290916,14
Unternehmen,2011,15. Rudolfsheim-Fünfhaus ,1149000,1854.3,19,30065172,15
Unternehmen,2011,16. Ottakring ,850000,1262.63,31,31447310,16
Unternehmen,2011,17. Hernals ,950000,1780.76,23,33031650,17
Unternehmen,2011,18. Währing ,900000,1761.25,19,21662837,18
Unternehmen,2011,19. Döbling ,1500000,1423.08,31,82263917,19
Unternehmen,2011,2. Leopoldstadt ,1750000,2625.15,25,110585593,2
Unternehmen,2011,20. Brigittenau ,1375000,2362.85,9,17019000,20
Unternehmen,2011,21. Floridsdorf ,347500,400.32,38,22172177,21
Unternehmen,2011,22. Donaustadt ,518500,409.09,54,74652282.9,22
Unternehmen,2011,23. Liesing ,580000,319.65,49,74434193,23
Unternehmen,2011,3. Landstraße ,2150000,2626.03,24,76969281,3
Unternehmen,2011,4. Wieden ,8300000,6961.08,7,61450000,4
Unternehmen,2011,5. Margareten ,1925000,1950.89,10,22451000,5
Unternehmen,2011,6. Mariahilf ,2110000,2904.56,8,46410000,6
Unternehmen,2011,7. Neubau ,4150000,3929.68,9,35079000,7
Unternehmen,2011,8. Josefstadt ,1400000,3307.74,8,23535000,8
Unternehmen,2011,9. Alsergrund ,2560000,4985.62,19,82647000,9
Unternehmen,2012,1. Innere Stadt ,10230000,17822.3,6,57416800,1
Unternehmen,2012,10. Favoriten ,487500,930.49,19,59471601,10
Unternehmen,2012,11. Simmering ,450000,442.44,15,15563732,11
Unternehmen,2012,12. Meidling ,681668,1236.57,28,30924918.8,12
Unternehmen,2012,13. Hietzing ,1085000,1203.44,10,19053040,13
Unternehmen,2012,14. Penzing ,1150000,1364.76,21,25983950,14
Unternehmen,2012,15. Rudolfsheim-Fünfhaus ,1111250,2145.35,18,42930500,15
Unternehmen,2012,16. Ottakring ,990000,1765.03,24,26258000,16
Unternehmen,2012,17. Hernals ,962500,1591.11,18,27707500,17
Unternehmen,2012,18. Währing ,2100000,2293.58,21,56904700,18
Unternehmen,2012,19. Döbling ,1575000,1375.28,27,68471629.8,19
Unternehmen,2012,2. Leopoldstadt ,2600000,3734.2,26,93405704,2
Unternehmen,2012,20. Brigittenau ,1450000,2050.5,19,32718354,20
Unternehmen,2012,21. Floridsdorf ,434376,480.26,47,46599554,21
Unternehmen,2012,22. Donaustadt ,572247.3,350,60,157740206.6,22
Unternehmen,2012,23. Liesing ,724500,408.8,50,58522866.3,23
Unternehmen,2012,3. Landstraße ,2500000,3587.44,15,40938430,3
Unternehmen,2012,4. Wieden ,4032500,5362.34,12,58617061,4
Unternehmen,2012,5. Margareten ,3050000,3599.61,16,46363000,5
Unternehmen,2012,6. Mariahilf ,1800000,3002.89,13,43525000,6
Unternehmen,2012,7. Neubau ,2970000,5052.98,14,73860000,7
Unternehmen,2012,8. Josefstadt ,2459074.5,4608.2,8,23753149,8
Unternehmen,2012,9. Alsergrund ,2052500,6140.56,8,19822200,9
Unternehmen,2013,1. Innere Stadt ,11265000,15729.37,14,196487000,1
Unternehmen,2013,10. Favoriten ,980000,958.14,25,66280703,10
Unternehmen,2013,11. Simmering ,610000,404.49,19,25471798,11
Unternehmen,2013,12. Meidling ,1150000,1702.13,31,42047900,12
Unternehmen,2013,13. Hietzing ,1160000,1148.51,13,24633640,13
Unternehmen,2013,14. Penzing ,1135000,1124.52,21,66258240.1,14
Unternehmen,2013,15. Rudolfsheim-Fünfhaus ,1174000,2537.59,19,31712559.8,15
Unternehmen,2013,16. Ottakring ,877500,1855.29,24,27740000,16
Unternehmen,2013,17. Hernals ,870000,1359.38,22,26791150,17
Unternehmen,2013,18. Währing ,1800000,2297.79,21,42937110,18
Unternehmen,2013,19. Döbling ,1330100,1642.29,31,67220380,19
Unternehmen,2013,2. Leopoldstadt ,2237500,3351.69,28,127645544,2
Unternehmen,2013,20. Brigittenau ,1366743,2309.44,26,56976186,20
Unternehmen,2013,21. Floridsdorf ,725000,624.77,70,77741131,21
Unternehmen,2013,22. Donaustadt ,673900.65,449.98,118,129214898.9,22
Unternehmen,2013,23. Liesing ,700000,426.89,73,73504218.9,23
Unternehmen,2013,3. Landstraße ,3000000,3395.59,21,92128290,3
Unternehmen,2013,4. Wieden ,4827500,6292.01,12,67128125,4
Unternehmen,2013,5. Margareten ,1350000,3214.29,19,34352081,5
Unternehmen,2013,6. Mariahilf ,2795500,4507.86,10,47166000,6
Unternehmen,2013,7. Neubau ,4790000,6162.79,13,105990000,7
Unternehmen,2013,8. Josefstadt ,4362500,6253.35,12,63905000,8
Unternehmen,2013,9. Alsergrund ,3415000,5615.22,26,171066381,9
Unternehmen,2014,1. Innere Stadt ,13300000,21225.96,10,287888080,1
Unternehmen,2014,10. Favoriten ,1435000,1748.83,36,141208420,10
Unternehmen,2014,11. Simmering ,875000,434.97,28,147959446,11
Unternehmen,2014,12. Meidling ,974000,1648.14,34,43920036,12
Unternehmen,2014,13. Hietzing ,632500,706.97,19,20510000,13
Unternehmen,2014,14. Penzing ,1025000,917.35,49,61433940,14
Unternehmen,2014,15. Rudolfsheim-Fünfhaus ,1170000,2034.95,34,94388639.9,15
Unternehmen,2014,16. Ottakring ,1175000,2139.35,38,45372500,16
Unternehmen,2014,17. Hernals ,965000,1721.73,18,17989035.2,17
Unternehmen,2014,18. Währing ,1887500,2021.14,28,71419405,18
Unternehmen,2014,19. Döbling ,1793150,2162.23,40,94224551,19
Unternehmen,2014,2. Leopoldstadt ,3537000,3271.03,23,150798539,2
Unternehmen,2014,20. Brigittenau ,1925000,3265.21,20,92749394,20
Unternehmen,2014,21. Floridsdorf ,505000,510.1,47,65896303.3,21
Unternehmen,2014,22. Donaustadt ,450000,420.17,100,87747019.24,22
Unternehmen,2014,23. Liesing ,512500,431.48,68,81908063.2,23
Unternehmen,2014,3. Landstraße ,5791500,4593.25,12,77893000,3
Unternehmen,2014,4. Wieden ,5362500,7267.28,4,25766500,4
Unternehmen,2014,5. Margareten ,1645000,3987.14,14,35802600,5
Unternehmen,2014,6. Mariahilf ,2400000,3431.13,8,21470005,6
Unternehmen,2014,7. Neubau ,3300000,7056.34,13,84313517,7
Unternehmen,2014,8. Josefstadt ,3100000,5833.93,9,29517100,8
Unternehmen,2014,9. Alsergrund ,2900000,5598.46,13,89569450,9
Unternehmen,2015,1. Innere Stadt ,14100000,23270.44,7,116470000,1
Unternehmen,2015,10. Favoriten ,1500000,2095.81,33,63245140,10
Unternehmen,2015,11. Simmering ,550000,600,27,38336148,11
Unternehmen,2015,12. Meidling ,814500,1413.84,48,60306501,12
Unternehmen,2015,13. Hietzing ,761000,832.5,26,29918642,13
Unternehmen,2015,14. Penzing ,955000,826.67,58,133041402,14
Unternehmen,2015,15. Rudolfsheim-Fünfhaus ,1800000,3044.86,57,132263956,15
Unternehmen,2015,16. Ottakring ,1300000,2219.73,27,45497512,16
Unternehmen,2015,17. Hernals ,1200000,2316.6,23,32103995,17
Unternehmen,2015,18. Währing ,1867000,3536.84,27,107368540,18
Unternehmen,2015,19. Döbling ,1622500,1953.01,38,95989844,19
Unternehmen,2015,2. Leopoldstadt ,3850000,5201.4,27,176642710,2
Unternehmen,2015,20. Brigittenau ,1310000,2494.64,14,20550000,20
Unternehmen,2015,21. Floridsdorf ,642500,506.82,73,80450484,21
Unternehmen,2015,22. Donaustadt ,637975,526.04,121,159177485.1,22
Unternehmen,2015,23. Liesing ,892500,490.95,71,185708352.6,23
Unternehmen,2015,3. Landstraße ,3000000,5487.23,23,99030577,3
Unternehmen,2015,4. Wieden ,5100000,7853.34,19,136327860,4
Unternehmen,2015,5. Margareten ,2527500,4164.55,14,54718248,5
Unternehmen,2015,6. Mariahilf ,3700000,7203.52,12,72350790,6
Unternehmen,2015,7. Neubau ,3970000,6906.08,15,150900760,7
Unternehmen,2015,8. Josefstadt ,4500000,6852.79,7,32420000,8
Unternehmen,2015,9. Alsergrund ,3250000,6081.08,16,109232237,9
Unternehmen,2016,1. Innere Stadt ,21297000,24330.12,7,169230000,1
Unternehmen,2016,10. Favoriten ,1356500,1031.47,38,106119269,10
Unternehmen,2016,11. Simmering ,1400000,669.52,28,110640938,11
Unternehmen,2016,12. Meidling ,1185000,2176.99,52,117398530,12
Unternehmen,2016,13. Hietzing ,925000,1618.32,25,38643960,13
Unternehmen,2016,14. Penzing ,964557.5,1105.36,50,75342880,14
Unternehmen,2016,15. Rudolfsheim-Fünfhaus ,1690000,2976.19,31,63034401,15
Unternehmen,2016,16. Ottakring ,1880000,3070.18,27,77673710,16
Unternehmen,2016,17. Hernals ,1560000,2812.13,22,33898457,17
Unternehmen,2016,18. Währing ,2100000,2602.04,29,60817710,18
Unternehmen,2016,19. Döbling ,2340000,2652.37,27,76257654,19
Unternehmen,2016,2. Leopoldstadt ,2300000,2845.24,15,49957290,2
Unternehmen,2016,20. Brigittenau ,2580000,3431.03,8,27735000,20
Unternehmen,2016,21. Floridsdorf ,757189.15,550.22,93,120919636.9,21
Unternehmen,2016,22. Donaustadt ,625920,584.71,121,157121429.8,22
Unternehmen,2016,23. Liesing ,1015000,590.91,64,116050629.3,23
Unternehmen,2016,3. Landstraße ,4500000,5130.14,24,282686980,3
Unternehmen,2016,4. Wieden ,4559000,5995.93,7,32208000,4
Unternehmen,2016,5. Margareten ,2030000,4933.77,18,55247999,5
Unternehmen,2016,6. Mariahilf ,4075000,6443.48,10,45597500,6
Unternehmen,2016,7. Neubau ,4150000,6374.07,4,20913300,7
Unternehmen,2016,8. Josefstadt ,6075000,9728.87,9,67440000,8
Unternehmen,2016,9. Alsergrund ,4700000,9474.39,8,49240200,9
Unternehmen,2017,1. Innere Stadt ,22927500,29634.18,4,106255000,1
Unternehmen,2017,10. Favoriten ,1675000,946.14,35,90309226,10
Unternehmen,2017,11. Simmering ,1440000,1171.14,25,129662209,11
Unternehmen,2017,12. Meidling ,1310000,2723.87,53,104134695,12
Unternehmen,2017,13. Hietzing ,1075000,1123.25,31,82199100,13
Unternehmen,2017,14. Penzing ,1185000,1200.42,38,53061500,14
Unternehmen,2017,15. Rudolfsheim-Fünfhaus ,2250000,3863.64,39,116066000,15
Unternehmen,2017,16. Ottakring ,1350000,2932.23,25,53062000,16
Unternehmen,2017,17. Hernals ,900000,2376.43,11,14895000,17
Unternehmen,2017,18. Währing ,2300000,3875,7,20265000,18
Unternehmen,2017,19. Döbling ,2400000,1910.83,17,38187900,19
Unternehmen,2017,2. Leopoldstadt ,2450000,4070.8,30,206328259,2
Unternehmen,2017,20. Brigittenau ,2675000,4423,28,111634762,20
Unternehmen,2017,21. Floridsdorf ,628675,662.11,100,120302494.8,21
Unternehmen,2017,22. Donaustadt ,682500,627.45,152,210443588.1,22
Unternehmen,2017,23. Liesing ,872500,727.18,80,142238437.4,23
Unternehmen,2017,3. Landstraße ,6132500,7756.13,20,161073600,3
Unternehmen,2017,4. Wieden ,6738500,8813.96,8,55577000,4
Unternehmen,2017,5. Margareten ,5050000,5091.58,9,54704800,5
Unternehmen,2017,6. Mariahilf ,5323000,8905.3,4,31596000,6
Unternehmen,2017,7. Neubau ,7560000,8266.67,11,73305000,7
Unternehmen,2017,8. Josefstadt ,6765000,11937.16,2,13530000,8
Unternehmen,2017,9. Alsergrund ,1965000,4491.36,12,25217475,9
Unternehmen,2018,1. Innere Stadt ,58000,5272.73,1,58000,1
Unternehmen,2018,10. Favoriten ,1399750,1139.95,40,77585218,10
Unternehmen,2018,11. Simmering ,2250000,739.71,29,78954860,11
Unternehmen,2018,12. Meidling ,2000000,2584.47,67,159592828,12
Unternehmen,2018,13. Hietzing ,955000,1384.92,28,53095607.4,13
Unternehmen,2018,14. Penzing ,1475000,1619.26,56,112669360.1,14
Unternehmen,2018,15. Rudolfsheim-Fünfhaus ,2150000,4126.21,37,98477500,15
Unternehmen,2018,16. Ottakring ,1640000,3912.64,24,47839500,16
Unternehmen,2018,17. Hernals ,1582500,2128.58,32,55934500,17
Unternehmen,2018,18. Währing ,2717500,2767.81,22,73180000,18
Unternehmen,2018,19. Döbling ,1665000,1871.84,30,105194300,19
Unternehmen,2018,2. Leopoldstadt ,3265000,6781.77,18,98653052,2
Unternehmen,2018,20. Brigittenau ,3365000,4675.79,16,78843000,20
Unternehmen,2018,21. Floridsdorf ,858864,765.48,126,189552953.4,21
Unternehmen,2018,22. Donaustadt ,700000,726.85,184,249423496.2,22
Unternehmen,2018,23. Liesing ,1052500,695.81,115,185485398.4,23
Unternehmen,2018,3. Landstraße ,3200000,7785.37,6,28753420,3
Unternehmen,2018,4. Wieden ,5998000,8655.12,1,5998000,4
Unternehmen,2018,9. Alsergrund ,5000000,7541.48,17,105556910,9
Unternehmen,2019,10. Favoriten ,1503360,1120.69,63,175556815,10
Unternehmen,2019,11. Simmering ,787500,640.29,30,99837453,11
Unternehmen,2019,12. Meidling ,1775000,3233.96,60,125974759,12
Unternehmen,2019,13. Hietzing ,800000,1098.5,21,26543052,13
Unternehmen,2019,14. Penzing ,1500000,2036.52,65,140590594,14
Unternehmen,2019,15. Rudolfsheim-Fünfhaus ,2870000,5243.06,38,143747154,15
Unternehmen,2019,16. Ottakring ,1900000,3313.78,15,33419610,16
Unternehmen,2019,17. Hernals ,1137500,3215.84,16,26359122,17
Unternehmen,2019,18. Währing ,3465000,3330.04,10,58170000,18
Unternehmen,2019,19. Döbling ,2837500,2307.21,20,84216680,19
Unternehmen,2019,2. Leopoldstadt ,3400000,5670.1,43,241475986,2
Unternehmen,2019,20. Brigittenau ,3525000,5618.99,20,128476167,20
Unternehmen,2019,21. Floridsdorf ,1100000,924.78,93,158802518.8,21
Unternehmen,2019,22. Donaustadt ,990000,789.17,186,322069951.8,22
Unternehmen,2019,23. Liesing ,950000,932.71,106,182526403.63,23
Unternehmen,2019,3. Landstraße ,5250000,7058.55,12,85784394,3
Unternehmen,2019,5. Margareten ,1600000,5298.01,1,1600000,5
Unternehmen,2019,9. Alsergrund ,3900000,7766.99,22,138622126,9
Privatpersonen,1987,1. Innere Stadt ,530511.7,1091.09,10,6148188.12,1
Privatpersonen,1987,10. Favoriten ,59955.09,91.48,35,2387650.93,10
Privatpersonen,1987,11. Simmering ,58138.27,77.19,41,3214500.1937,11
Privatpersonen,1987,12. Meidling ,76306.48,114.63,19,1756783.417,12
Privatpersonen,1987,13. Hietzing ,101742,174.41,49,7342885.763,13
Privatpersonen,1987,14. Penzing ,69039.2,98.32,79,6914384.895,14
Privatpersonen,1987,15. Rudolfsheim-Fünfhaus ,145345.7,242.2,24,4534893.07,15
Privatpersonen,1987,16. Ottakring ,83573.76,165.17,31,3602992.05,16
Privatpersonen,1987,17. Hernals ,72672.84,172.05,37,3735420.253,17
Privatpersonen,1987,18. Währing ,145345.7,236.75,41,7091112.944,18
Privatpersonen,1987,19. Döbling ,176231.6,192.38,54,13832651.46284,19
Privatpersonen,1987,2. Leopoldstadt ,76306.48,152.15,19,2063920.753,2
Privatpersonen,1987,20. Brigittenau ,78486.66,135.01,12,1005065.39,20
Privatpersonen,1987,21. Floridsdorf ,35609.69,61.09,68,3179866.482,21
Privatpersonen,1987,22. Donaustadt ,40638.65,62.59,147,7920715.475,22
Privatpersonen,1987,23. Liesing ,71582.74,92.28,122,12421956.0321,23
Privatpersonen,1987,3. Landstraße ,145345.65,295.18,22,4552308.29,3
Privatpersonen,1987,4. Wieden ,188949.4,421.71,8,1975929.06,4
Privatpersonen,1987,5. Margareten ,92948.55,197.84,31,3925924.66,5
Privatpersonen,1987,6. Mariahilf ,130811.1,193.71,17,5215482.97,6
Privatpersonen,1987,7. Neubau ,76848.25,124.75,15,1917252.81,7
Privatpersonen,1987,8. Josefstadt ,188949.35,403.72,10,1751491.09,8
Privatpersonen,1987,9. Alsergrund ,117366.6,350.61,13,2275399.69,9
Privatpersonen,1988,1. Innere Stadt ,1235438,1317.54,5,5345086.23,1
Privatpersonen,1988,10. Favoriten ,58138.27,119.34,66,7564236.998,10
Privatpersonen,1988,11. Simmering ,50870.98,85.5,57,6406364.4392,11
Privatpersonen,1988,12. Meidling ,87207.4,140.75,31,4102659.373,12
Privatpersonen,1988,13. Hietzing ,109009.3,198.45,58,9331809.8,13
Privatpersonen,1988,14. Penzing ,70310.97,122.91,136,13349249.487,14
Privatpersonen,1988,15. Rudolfsheim-Fünfhaus ,141712,252.46,31,5601232.3,15
Privatpersonen,1988,16. Ottakring ,101742,198.71,64,7420228.1016,16
Privatpersonen,1988,17. Hernals ,87207.4,163.43,66,8274714.223,17
Privatpersonen,1988,18. Währing ,159880.2,339.59,61,13468808.465,18
Privatpersonen,1988,19. Döbling ,167147.5,218.02,101,40080286.222,19
Privatpersonen,1988,2. Leopoldstadt ,147162.5,329.22,39,7211286.17,2
Privatpersonen,1988,20. Brigittenau ,69039.2,123.44,44,4087646.3359,20
Privatpersonen,1988,21. Floridsdorf ,32621.02,62.14,101,9146655.13568,21
Privatpersonen,1988,22. Donaustadt ,36336.42,55.73,302,16464246.4802,22
Privatpersonen,1988,23. Liesing ,89967.95,134.86,161,21858979.7288,23
Privatpersonen,1988,3. Landstraße ,185319.05,292.77,26,5251401.26,3
Privatpersonen,1988,4. Wieden ,271796.4,651.88,11,3611113.3,4
Privatpersonen,1988,5. Margareten ,119910.15,175.99,36,5375926.693,5
Privatpersonen,1988,6. Mariahilf ,138078.4,254.1,31,7760512.86,6
Privatpersonen,1988,7. Neubau ,161333.7,226.16,21,4975981.724,7
Privatpersonen,1988,8. Josefstadt ,207117.6,424.39,16,6564306.85,8
Privatpersonen,1988,9. Alsergrund ,408784.7,538.16,18,9650448.51,9
Privatpersonen,1989,1. Innere Stadt ,1765950,2072.71,3,4578389,1
Privatpersonen,1989,10. Favoriten ,96291.51,156.6,60,9119662.38,10
Privatpersonen,1989,11. Simmering ,53959.58,96.51,38,3426442.701,11
Privatpersonen,1989,12. Meidling ,141712.05,343.36,22,3736386.46,12
Privatpersonen,1989,13. Hietzing ,152613,251.84,41,8171614.4799999995,13
Privatpersonen,1989,14. Penzing ,98108.33,153.53,111,14403157.591,14
Privatpersonen,1989,15. Rudolfsheim-Fünfhaus ,145345.7,291.34,39,9732065.66,15
Privatpersonen,1989,16. Ottakring ,145345.7,246.35,45,6824502.12,16
Privatpersonen,1989,17. Hernals ,109917.7,207.96,70,10403821.47,17
Privatpersonen,1989,18. Währing ,247087.65,433.77,36,16719221.97,18
Privatpersonen,1989,19. Döbling ,192583,254.69,93,23061684.044,19
Privatpersonen,1989,2. Leopoldstadt ,188949.4,345.83,27,15704954.68,2
Privatpersonen,1989,20. Brigittenau ,98108.33,227.71,35,4468723.628,20
Privatpersonen,1989,21. Floridsdorf ,43603.7,72.67,73,4498725.146,21
Privatpersonen,1989,22. Donaustadt ,38153.24,57.34,313,18294031.155,22
Privatpersonen,1989,23. Liesing ,87207.4,112.6,136,15937490.1956,23
Privatpersonen,1989,3. Landstraße ,178048.45,461.59,22,4279993.89,3
Privatpersonen,1989,4. Wieden ,236186.7,392.83,7,1870060.41,4
Privatpersonen,1989,5. Margareten ,174414.8,286.68,25,5954316.5,5
Privatpersonen,1989,6. Mariahilf ,159880.2,456.13,14,4283924.42,6
Privatpersonen,1989,7. Neubau ,196216.65,441.25,10,5485709.2,7
Privatpersonen,1989,8. Josefstadt ,203483.9,1178.48,5,2223716,8
Privatpersonen,1989,9. Alsergrund ,314310,791.35,18,7180075.9799999995,9
Privatpersonen,1990,1. Innere Stadt ,872937.25,1209.06,2,1745874.5,1
Privatpersonen,1990,10. Favoriten ,109009.3,156.2,61,8857002.553,10
Privatpersonen,1990,11. Simmering ,64241.33,104.51,41,5461562.4742,11
Privatpersonen,1990,12. Meidling ,232553.1,488.1,19,4912562.38,12
Privatpersonen,1990,13. Hietzing ,148979.3,285.55,49,10261746.19,13
Privatpersonen,1990,14. Penzing ,87207.4,158.49,131,18971357.435,14
Privatpersonen,1990,15. Rudolfsheim-Fünfhaus ,218018.5,468.66,41,11840361.59,15
Privatpersonen,1990,16. Ottakring ,174414.8,347,64,12910658.6747,16
Privatpersonen,1990,17. Hernals ,116276.5,281.29,82,14747265.665000001,17
Privatpersonen,1990,18. Währing ,218018.5,443.13,35,12521709.688,18
Privatpersonen,1990,19. Döbling ,116276.5,191.24,85,35795886.982,19
Privatpersonen,1990,2. Leopoldstadt ,218018.5,485.01,28,8271498.86,2
Privatpersonen,1990,20. Brigittenau ,87207.4,190.74,27,4451802.538,20
Privatpersonen,1990,21. Floridsdorf ,64678.82,81.8,73,6836660.0139999995,21
Privatpersonen,1990,22. Donaustadt ,42150.24,66.2,305,21561248.81,22
Privatpersonen,1990,23. Liesing ,110079.35,166.31,144,25652377.084,23
Privatpersonen,1990,3. Landstraße ,317943.65,679.19,36,14207757.85,3
Privatpersonen,1990,4. Wieden ,374265.1,1038.98,6,2793834.4,4
Privatpersonen,1990,5. Margareten ,218018.5,574.18,19,5741517.83,5
Privatpersonen,1990,6. Mariahilf ,290691.35,680.83,10,3430521.26,6
Privatpersonen,1990,7. Neubau ,392433.3,654.06,17,11389654.04,7
Privatpersonen,1990,8. Josefstadt ,578867.9,1053.76,14,7900379,8
Privatpersonen,1990,9. Alsergrund ,784866.6,1308.11,7,4861812.92,9
Privatpersonen,1991,1. Innere Stadt ,1471625.15,3043.57,4,18458905.2,1
Privatpersonen,1991,10. Favoriten ,145345.7,185.86,45,8934246.7373,10
Privatpersonen,1991,11. Simmering ,60571.36,102.22,43,5943925.83,11
Privatpersonen,1991,12. Meidling ,218018.5,401.51,15,3130956.57,12
Privatpersonen,1991,13. Hietzing ,181682.1,342.92,43,10755637.73,13
Privatpersonen,1991,14. Penzing ,109009.3,186.91,101,14926198.448,14
Privatpersonen,1991,15. Rudolfsheim-Fünfhaus ,276156.8,488.83,21,6021222.22,15
Privatpersonen,1991,16. Ottakring ,188949.4,358.25,43,9703858.909,16
Privatpersonen,1991,17. Hernals ,109009.3,265.16,39,6220947.921,17
Privatpersonen,1991,18. Währing ,363364.2,639.91,27,10205397.58,18
Privatpersonen,1991,19. Döbling ,208516.5,255.25,60,20502847.559,19
Privatpersonen,1991,2. Leopoldstadt ,319760.45,482.91,8,3214607.49,2
Privatpersonen,1991,20. Brigittenau ,130811.1,321.88,21,3990664.002,20
Privatpersonen,1991,21. Floridsdorf ,50017.07,94.78,64,5390112.352,21
Privatpersonen,1991,22. Donaustadt ,60754.49,88.3,302,25476589.07861,22
Privatpersonen,1991,23. Liesing ,116276.5,195.07,112,18834392.4127,23
Privatpersonen,1991,3. Landstraße ,290691.3,750.62,15,7126733.4,3
Privatpersonen,1991,4. Wieden ,1370725,1150.29,5,6231199.8,4
Privatpersonen,1991,5. Margareten ,311185.1,707.4,13,5392106.1,5
Privatpersonen,1991,6. Mariahilf ,279790.4,478.08,6,2013037.44,6
Privatpersonen,1991,7. Neubau ,465106.1,1032.65,11,9430027.6,7
Privatpersonen,1991,8. Josefstadt ,566848.1,1111.47,5,2741582.6,8
Privatpersonen,1991,9. Alsergrund ,554130.4,1319.99,18,13466276.18,9
Privatpersonen,1992,1. Innere Stadt ,2979586,2985.56,1,2979586,1
Privatpersonen,1992,10. Favoriten ,101742,194.31,45,7983947.2972,10
Privatpersonen,1992,11. Simmering ,94474.69,116.28,43,8258684.9333,11
Privatpersonen,1992,12. Meidling ,290691.3,539.43,13,4063204.25,12
Privatpersonen,1992,13. Hietzing ,254354.9,373.67,41,12937448.35,13
Privatpersonen,1992,14. Penzing ,145345.7,271.79,92,18851633.93755,14
Privatpersonen,1992,15. Rudolfsheim-Fünfhaus ,244035.4,357.41,17,4863930.5,15
Privatpersonen,1992,16. Ottakring ,230881.6,442.28,25,5909643.1,16
Privatpersonen,1992,17. Hernals ,145345.7,335.23,35,7354040.39327,17
Privatpersonen,1992,18. Währing ,363364.2,594.35,21,10126959.842,18
Privatpersonen,1992,19. Döbling ,245270.8,227.28,66,25996437.219,19
Privatpersonen,1992,2. Leopoldstadt ,294325,480.16,9,2514843.71,2
Privatpersonen,1992,20. Brigittenau ,130811.1,182.69,28,5757794.947,20
Privatpersonen,1992,21. Floridsdorf ,90841.04,123.54,67,8357199.8552,21
Privatpersonen,1992,22. Donaustadt ,71946.11,101.74,242,26238365.802,22
Privatpersonen,1992,23. Liesing ,122095.6,199.51,108,45857230.201,23
Privatpersonen,1992,3. Landstraße ,436037,1211.21,17,10722466.43,3
Privatpersonen,1992,4. Wieden ,571571.85,1093.94,4,1775397.4200000002,4
Privatpersonen,1992,5. Margareten ,363364.2,690.33,8,3212139.3,5
Privatpersonen,1992,6. Mariahilf ,993051.8,1614.72,5,4442042.7,6
Privatpersonen,1992,7. Neubau ,726728.3,1095.57,7,4940298.95,7
Privatpersonen,1992,8. Josefstadt ,549043.25,1156.78,6,3136559.6,8
Privatpersonen,1992,9. Alsergrund ,508709.8,1538.33,7,4422142.2,9
Privatpersonen,1993,1. Innere Stadt ,428769.75,1808.03,2,857539.5,1
Privatpersonen,1993,10. Favoriten ,153989.7,239.72,42,8681458.574000001,10
Privatpersonen,1993,11. Simmering ,105375.6,163.51,49,8345493.574,11
Privatpersonen,1993,12. Meidling ,159880.2,341.11,11,2260125.2,12
Privatpersonen,1993,13. Hietzing ,239820.35,408.78,36,10603185.0027,13
Privatpersonen,1993,14. Penzing ,142377.5,254.35,77,15438595.909,14
Privatpersonen,1993,15. Rudolfsheim-Fünfhaus ,327027.8,630.11,7,2949572.09,15
Privatpersonen,1993,16. Ottakring ,152613,353.18,19,3748961.4559,16
Privatpersonen,1993,17. Hernals ,70492.65,232.55,27,4648868.6152,17
Privatpersonen,1993,18. Währing ,494175.25,717.67,34,119172546.32,18
Privatpersonen,1993,19. Döbling ,363364.2,436.04,51,20426928.147,19
Privatpersonen,1993,2. Leopoldstadt ,356096.9,654.06,5,2499946,2
Privatpersonen,1993,20. Brigittenau ,50144.26,108.45,20,1858743.931,20
Privatpersonen,1993,21. Floridsdorf ,61154.19,130.81,61,6223968.35305,21
Privatpersonen,1993,22. Donaustadt ,77789,128.46,239,28769028.6011,22
Privatpersonen,1993,23. Liesing ,165330.7,227.78,96,23893347.377,23
Privatpersonen,1993,3. Landstraße ,348829.6,856.09,19,7730216.7299999995,3
Privatpersonen,1993,4. Wieden ,452649.05,899.77,4,2280995.2,4
Privatpersonen,1993,5. Margareten ,314310,648.89,8,2526625.5,5
Privatpersonen,1993,6. Mariahilf ,239820.4,799.94,5,6318903,6
Privatpersonen,1993,7. Neubau ,272523.1,522.07,7,3047043,7
Privatpersonen,1993,8. Josefstadt ,814298.95,1909.9,8,8933623.7,8
Privatpersonen,1993,9. Alsergrund ,654055.5,1207.83,9,14819444.7,9
Privatpersonen,1994,1. Innere Stadt ,2906913,6184.92,3,8539057.6,1
Privatpersonen,1994,10. Favoriten ,138078.4,224.7,42,8613742.167,10
Privatpersonen,1994,11. Simmering ,87207.4,159.88,35,10985980.6363,11
Privatpersonen,1994,12. Meidling ,218018.5,361.82,30,10121218.56,12
Privatpersonen,1994,13. Hietzing ,283424.05,491.79,40,15298344.61,13
Privatpersonen,1994,14. Penzing ,179778.4,326.07,78,15610525.82334,14
Privatpersonen,1994,15. Rudolfsheim-Fünfhaus ,196216.65,355.51,20,4223063.87,15
Privatpersonen,1994,16. Ottakring ,218018.5,429.32,18,4097229.06,16
Privatpersonen,1994,17. Hernals ,138441.75,360.73,30,6184539.2887,17
Privatpersonen,1994,18. Währing ,472373.4,609.66,18,10206899.52,18
Privatpersonen,1994,19. Döbling ,363364.2,568.87,41,32812527.156,19
Privatpersonen,1994,2. Leopoldstadt ,290691.3,668.28,18,6974044.023,2
Privatpersonen,1994,20. Brigittenau ,166057.4,434.16,14,3341796.66,20
Privatpersonen,1994,21. Floridsdorf ,80259.88,142.35,84,16761380.9558,21
Privatpersonen,1994,22. Donaustadt ,98108.33,159.88,207,27933356.144,22
Privatpersonen,1994,23. Liesing ,211565.15,284.07,102,31607863.284,23
Privatpersonen,1994,3. Landstraße ,385166,818.85,19,12105727.3,3
Privatpersonen,1994,4. Wieden ,483274.35,1343.54,2,966548.7,4
Privatpersonen,1994,5. Margareten ,334295,746.84,15,7724992.44,5
Privatpersonen,1994,6. Mariahilf ,755797.45,1270.7,4,4182322.1,6
Privatpersonen,1994,7. Neubau ,575932.25,904.96,8,5491958.91,7
Privatpersonen,1994,8. Josefstadt ,403334.25,861.24,8,3221950.58,8
Privatpersonen,1994,9. Alsergrund ,356096.9,810.58,7,3022826.3,9
Privatpersonen,1995,1. Innere Stadt ,1671475,4866.49,5,18495236.5,1
Privatpersonen,1995,10. Favoriten ,174196.8,293.18,25,6643242.03,10
Privatpersonen,1995,11. Simmering ,138078.4,218.13,35,5849721.332,11
Privatpersonen,1995,12. Meidling ,228192.7,441.33,33,8079518.523,12
Privatpersonen,1995,13. Hietzing ,279790.4,561.07,46,17943486.687,13
Privatpersonen,1995,14. Penzing ,200577,343.44,81,18753755.299,14
Privatpersonen,1995,15. Rudolfsheim-Fünfhaus ,287057.7,436.04,17,4181503.69,15
Privatpersonen,1995,16. Ottakring ,244555.7,487.27,29,7600490.218,16
Privatpersonen,1995,17. Hernals ,105375.6,304.6,44,7862959.1235,17
Privatpersonen,1995,18. Währing ,428769.7,872.07,23,14907207.91,18
Privatpersonen,1995,19. Döbling ,327027.8,399.47,69,30403280.777,19
Privatpersonen,1995,2. Leopoldstadt ,345196,682.64,16,8258935.100000001,2
Privatpersonen,1995,20. Brigittenau ,224159.35,477.55,14,3335247.07,20
Privatpersonen,1995,21. Floridsdorf ,119910.15,189.36,74,14779686.818,21
Privatpersonen,1995,22. Donaustadt ,109009.3,175.72,216,28881282.0856,22
Privatpersonen,1995,23. Liesing ,188949.4,287.84,97,27659558.795,23
Privatpersonen,1995,3. Landstraße ,370631.5,658.67,11,5407705.5,3
Privatpersonen,1995,4. Wieden ,566848.1,1164.1,5,5603136.9,4
Privatpersonen,1995,5. Margareten ,221652.1,574.94,15,3670196.36,5
Privatpersonen,1995,6. Mariahilf ,474190.25,830.22,8,4118162.278,6
Privatpersonen,1995,7. Neubau ,390616.5,922.9,10,11808610.1,7
Privatpersonen,1995,8. Josefstadt ,581382.65,1784.25,6,4377084.6,8
Privatpersonen,1995,9. Alsergrund ,303409.1,745.42,8,2845141.5,9
Privatpersonen,1996,1. Innere Stadt ,2344426,3810.03,3,7831226,1
Privatpersonen,1996,10. Favoriten ,171871.25,287.08,38,8900050.27,10
Privatpersonen,1996,11. Simmering ,101742,167.21,31,4712522.7,11
Privatpersonen,1996,12. Meidling ,192583,495.91,27,6628744.88,12
Privatpersonen,1996,13. Hietzing ,268889.5,510.26,43,18884410.427,13
Privatpersonen,1996,14. Penzing ,181682.1,343.54,80,17006895.48,14
Privatpersonen,1996,15. Rudolfsheim-Fünfhaus ,254354.9,479.91,25,10915823.05,15
Privatpersonen,1996,16. Ottakring ,279790.4,484.92,25,7297787.053,16
Privatpersonen,1996,17. Hernals ,167147.5,387.59,49,11572739.58,17
Privatpersonen,1996,18. Währing ,363364.2,655.98,33,10514047.741,18
Privatpersonen,1996,19. Döbling ,212800.6,413.68,66,22815594.564,19
Privatpersonen,1996,2. Leopoldstadt ,446937.95,708.46,16,7277686.36,2
Privatpersonen,1996,20. Brigittenau ,203483.9,433.87,9,2908366.82,20
Privatpersonen,1996,21. Floridsdorf ,134444.8,212.4,55,7270066.2299999995,21
Privatpersonen,1996,22. Donaustadt ,109009.3,180.55,205,26366821.585500002,22
Privatpersonen,1996,23. Liesing ,188949.4,328.09,103,24942517.464,23
Privatpersonen,1996,3. Landstraße ,545118.9,1010.23,18,16123704.7,3
Privatpersonen,1996,4. Wieden ,686758.3,1335.61,3,4305865.6,4
Privatpersonen,1996,5. Margareten ,341562.3,703.07,12,6023851.67,5
Privatpersonen,1996,6. Mariahilf ,406967.9,1124.27,7,3917066.1,6
Privatpersonen,1996,7. Neubau ,468739.75,1125.57,4,1700544.3,7
Privatpersonen,1996,8. Josefstadt ,363364.15,1046.31,2,726728.3,8
Privatpersonen,1996,9. Alsergrund ,299775.4,866.37,12,5302209.78,9
Privatpersonen,1997,1. Innere Stadt ,1707812,5088.19,3,9092098.7,1
Privatpersonen,1997,10. Favoriten ,119910.2,251.2,51,12006114.585,10
Privatpersonen,1997,11. Simmering ,87207.4,159.88,33,3757828.661,11
Privatpersonen,1997,12. Meidling ,199850.3,370.09,31,7117984.866,12
Privatpersonen,1997,13. Hietzing ,254354.9,464.58,51,16676169.532,13
Privatpersonen,1997,14. Penzing ,174414.8,299.48,59,13274452.718,14
Privatpersonen,1997,15. Rudolfsheim-Fünfhaus ,212931.4,427.49,15,3765979.2399999998,15
Privatpersonen,1997,16. Ottakring ,254354.9,450.67,34,10068296.8,16
Privatpersonen,1997,17. Hernals ,174414.8,386.43,63,13216371.4747,17
Privatpersonen,1997,18. Währing ,341562.3,595.96,32,13157271.22,18
Privatpersonen,1997,19. Döbling ,501805.9,543.2,52,31220169.9613,19
Privatpersonen,1997,2. Leopoldstadt ,385166,797.14,9,3074493.9,2
Privatpersonen,1997,20. Brigittenau ,334295.05,627.35,10,3256833.02,20
Privatpersonen,1997,21. Floridsdorf ,127177.5,218.02,95,12340337.47877,21
Privatpersonen,1997,22. Donaustadt ,101742,177.87,205,33426803.5888,22
Privatpersonen,1997,23. Liesing ,208571,314.47,109,33605186.5923,23
Privatpersonen,1997,3. Landstraße ,348829.6,753.23,17,11055355.4,3
Privatpersonen,1997,4. Wieden ,1115528,1396.16,3,3926876.9,4
Privatpersonen,1997,5. Margareten ,363364.2,623.45,12,4611091.5,5
Privatpersonen,1997,6. Mariahilf ,404424.3,944.92,5,2155839.7199999997,6
Privatpersonen,1997,7. Neubau ,389526.4,720.3,11,6528418.8,7
Privatpersonen,1997,8. Josefstadt ,272523.15,649.14,6,1776705.6,8
Privatpersonen,1997,9. Alsergrund ,290691.3,517.24,5,1973067.5,9
Privatpersonen,1998,1. Innere Stadt ,2470876.5,6133.47,2,4941753,1
Privatpersonen,1998,10. Favoriten ,210751.2,377.99,34,6907865.4,10
Privatpersonen,1998,11. Simmering ,138078.4,169.31,18,3129086.7333,11
Privatpersonen,1998,12. Meidling ,181682.1,455.09,17,6405238.7827,12
Privatpersonen,1998,13. Hietzing ,290691.3,492.01,40,12871521.86,13
Privatpersonen,1998,14. Penzing ,203483.9,362.07,67,14256276.715499999,14
Privatpersonen,1998,15. Rudolfsheim-Fünfhaus ,254354.9,498.38,20,7339955.8,15
Privatpersonen,1998,16. Ottakring ,256400,495.58,34,9454094.58,16
Privatpersonen,1998,17. Hernals ,218018.5,467.7,35,9299724.632,17
Privatpersonen,1998,18. Währing ,454205.2,708.6,34,17208114.093,18
Privatpersonen,1998,19. Döbling ,436037,299.78,41,20886058.2652,19
Privatpersonen,1998,2. Leopoldstadt ,265837.2,420.57,20,6085286.3,2
Privatpersonen,1998,20. Brigittenau ,203483.9,527.16,7,1780484.4000000001,20
Privatpersonen,1998,21. Floridsdorf ,127177.5,229.53,83,13262335.148,21
Privatpersonen,1998,22. Donaustadt ,130811.1,213.29,194,29539615.984,22
Privatpersonen,1998,23. Liesing ,181682.1,337.23,111,30153257.4043,23
Privatpersonen,1998,3. Landstraße ,599550.9,976.16,8,5043494.8,3
Privatpersonen,1998,4. Wieden ,297958.6,1010.03,3,1170032.6,4
Privatpersonen,1998,5. Margareten ,490541.6,1142.26,8,4757345.26,5
Privatpersonen,1998,6. Mariahilf ,305225.9,1008.58,3,1309555,6
Privatpersonen,1998,7. Neubau ,574115.4,1478.99,8,4766248.1,7
Privatpersonen,1998,8. Josefstadt ,790317.1,1199.22,7,6185875.4,8
Privatpersonen,1998,9. Alsergrund ,526878.1,1164.63,9,6634303.7,9
Privatpersonen,1999,1. Innere Stadt ,2754300.5,4601.65,2,5508601,1
Privatpersonen,1999,10. Favoriten ,148979.35,289.65,38,9523479.76,10
Privatpersonen,1999,11. Simmering ,109009.3,188.95,27,10087221.5216,11
Privatpersonen,1999,12. Meidling ,182772.2,375.89,29,7543804.34,12
Privatpersonen,1999,13. Hietzing ,276156.8,472.37,53,16120033.563,13
Privatpersonen,1999,14. Penzing ,181682.1,354.57,72,16625325.46,14
Privatpersonen,1999,15. Rudolfsheim-Fünfhaus ,377898.75,620.77,14,5140149.69,15
Privatpersonen,1999,16. Ottakring ,194399.85,394.24,44,10279319.44,16
Privatpersonen,1999,17. Hernals ,196216.7,402.82,51,12229135.053,17
Privatpersonen,1999,18. Währing ,339382.1,505,26,10528331.629999999,18
Privatpersonen,1999,19. Döbling ,359730.55,540.82,58,29500501.562,19
Privatpersonen,1999,2. Leopoldstadt ,322182.9,542.36,28,11040083.945,2
Privatpersonen,1999,20. Brigittenau ,332841.6,567.37,9,3719030.5,20
Privatpersonen,1999,21. Floridsdorf ,130811.1,254.35,85,13005610.424,21
Privatpersonen,1999,22. Donaustadt ,101832.8,183.37,207,25673958.333,22
Privatpersonen,1999,23. Liesing ,196216.7,312,129,34653916.25,23
Privatpersonen,1999,3. Landstraße ,450571.6,1117.6,15,10107447.1,3
Privatpersonen,1999,4. Wieden ,1082825,698.15,1,1082825,4
Privatpersonen,1999,5. Margareten ,363364.2,775.66,3,918584.7,5
Privatpersonen,1999,6. Mariahilf ,50870.98,88.16,1,50870.98,6
Privatpersonen,1999,7. Neubau ,508709.8,960.43,9,5904668,7
Privatpersonen,1999,8. Josefstadt ,763064.8,2090.59,1,763064.8,8
Privatpersonen,1999,9. Alsergrund ,436037,362.16,7,4258628.3,9
Privatpersonen,2000,1. Innere Stadt ,3328416,4541.27,2,6656832,1
Privatpersonen,2000,10. Favoriten ,218018.5,327.03,41,13162622.463,10
Privatpersonen,2000,11. Simmering ,91131.73,181.68,37,5251687.55,11
Privatpersonen,2000,12. Meidling ,187132.55,444.02,16,4522204.42,12
Privatpersonen,2000,13. Hietzing ,261622.2,414.16,62,17496801.4244,13
Privatpersonen,2000,14. Penzing ,177321.75,301.84,70,17904869.756,14
Privatpersonen,2000,15. Rudolfsheim-Fünfhaus ,261622.2,414.68,17,4298598.24,15
Privatpersonen,2000,16. Ottakring ,225285.8,492.97,39,10247094.562,16
Privatpersonen,2000,17. Hernals ,179865.25,397.34,40,10351637.4863,17
Privatpersonen,2000,18. Währing ,421502.4,530.51,19,7863346.117,18
Privatpersonen,2000,19. Döbling ,210751.2,537.63,43,17076997.451,19
Privatpersonen,2000,2. Leopoldstadt ,255518.45,640.85,30,9693757.7903,2
Privatpersonen,2000,20. Brigittenau ,254354.9,486.84,8,2787003.1,20
Privatpersonen,2000,21. Floridsdorf ,99598.12,189.26,104,13663281.031,21
Privatpersonen,2000,22. Donaustadt ,116276.5,196.58,245,33449389.253,22
Privatpersonen,2000,23. Liesing ,174414.8,329.3,100,23568393.997,23
Privatpersonen,2000,3. Landstraße ,639520.9,968.97,7,6585367.54,3
Privatpersonen,2000,4. Wieden ,617719.1,1345.79,5,7688786,4
Privatpersonen,2000,5. Margareten ,287057.7,780.05,1,287057.7,5
Privatpersonen,2000,6. Mariahilf ,352463.25,687.7,2,704926.5,6
Privatpersonen,2000,7. Neubau ,472373.4,1123.7,7,7124045.5,7
Privatpersonen,2000,8. Josefstadt ,872073.85,1376.78,4,3080510.26,8
Privatpersonen,2000,9. Alsergrund ,317943.65,802.23,8,2871812.31,9
Privatpersonen,2001,1. Innere Stadt ,2943249.5,7245.97,6,18693269.4,1
Privatpersonen,2001,10. Favoriten ,178012.1,207,30,6734229.862,10
Privatpersonen,2001,11. Simmering ,96000.82,142.62,26,2434503.701,11
Privatpersonen,2001,12. Meidling ,178048.4,395.2,19,4196518.11,12
Privatpersonen,2001,13. Hietzing ,290691.3,485.99,48,19248827.8,13
Privatpersonen,2001,14. Penzing ,181682.1,308.29,48,11318197.263,14
Privatpersonen,2001,15. Rudolfsheim-Fünfhaus ,348829.6,613.06,19,7399402.9399999995,15
Privatpersonen,2001,16. Ottakring ,218018.5,504.95,36,9899929.264,16
Privatpersonen,2001,17. Hernals ,250721.3,428.77,43,13638758.8661,17
Privatpersonen,2001,18. Währing ,319760.5,648.6,11,3866194.89,18
Privatpersonen,2001,19. Döbling ,87207.4,254.67,21,6696954.3213,19
Privatpersonen,2001,2. Leopoldstadt ,268889.5,618.82,14,4983025.91,2
Privatpersonen,2001,20. Brigittenau ,345196,754.07,5,1778304.4000000001,20
Privatpersonen,2001,21. Floridsdorf ,86509.74,192.75,100,12440889.238,21
Privatpersonen,2001,22. Donaustadt ,115095.6,203.01,196,27905786.611,22
Privatpersonen,2001,23. Liesing ,188949.4,346.72,107,61506489.243,23
Privatpersonen,2001,3. Landstraße ,408784.7,684.06,8,3570416.5,3
Privatpersonen,2001,4. Wieden ,508709.8,642.31,1,508709.8,4
Privatpersonen,2001,5. Margareten ,489596.9,889.16,9,5126123.9,5
Privatpersonen,2001,6. Mariahilf ,835737.6,1610.97,9,14151034,6
Privatpersonen,2001,7. Neubau ,396066.95,843.46,6,2826973.2,7
Privatpersonen,2001,8. Josefstadt ,452388.4,916.22,6,3023190,8
Privatpersonen,2001,9. Alsergrund ,565758.05,1129.32,8,4485585.7,9
Privatpersonen,2002,1. Innere Stadt ,3270250,4244.35,4,11476537,1
Privatpersonen,2002,10. Favoriten ,200000,290.69,29,10258068.2456,10
Privatpersonen,2002,11. Simmering ,115000,189.27,40,7158347.549,11
Privatpersonen,2002,12. Meidling ,200000,446.93,26,7172443.736,12
Privatpersonen,2002,13. Hietzing ,270000,500.93,42,17992734.462700002,13
Privatpersonen,2002,14. Penzing ,261622.2,551,33,12369906.88,14
Privatpersonen,2002,15. Rudolfsheim-Fünfhaus ,287000,613.27,19,6909997.27,15
Privatpersonen,2002,16. Ottakring ,232555,450.98,35,9733909.11,16
Privatpersonen,2002,17. Hernals ,192583,421.5,45,10350459.5962,17
Privatpersonen,2002,18. Währing ,160000,508.71,5,1098687.367,18
Privatpersonen,2002,19. Döbling ,41202.3,460,12,2621503.383,19
Privatpersonen,2002,2. Leopoldstadt ,403539.5,598.27,19,9295317.02,2
Privatpersonen,2002,20. Brigittenau ,400000,779.8,13,9878176.21,20
Privatpersonen,2002,21. Floridsdorf ,93235.03,198.75,98,12859201.982,21
Privatpersonen,2002,22. Donaustadt ,138000,218.56,205,33329818.0234,22
Privatpersonen,2002,23. Liesing ,216201.7,329.62,89,53296188.377,23
Privatpersonen,2002,3. Landstraße ,523244.4,988.35,5,4444724.4,3
Privatpersonen,2002,4. Wieden ,750000,2286.59,3,2422765,4
Privatpersonen,2002,5. Margareten ,350000,912.05,7,3368018.7,5
Privatpersonen,2002,6. Mariahilf ,223243,477.27,4,1853676.69,6
Privatpersonen,2002,7. Neubau ,428770,1646.88,4,1875114,7
Privatpersonen,2002,8. Josefstadt ,750000,1328.22,7,4395315.98,8
Privatpersonen,2002,9. Alsergrund ,436037,1129.63,7,2716494.6,9
Privatpersonen,2003,1. Innere Stadt ,620000,3553.3,3,2045450,1
Privatpersonen,2003,10. Favoriten ,163000,296.5,31,6396769.665,10
Privatpersonen,2003,11. Simmering ,145000,200.27,33,7892323.95,11
Privatpersonen,2003,12. Meidling ,230000,426.72,21,5893727,12
Privatpersonen,2003,13. Hietzing ,322500,524.02,44,17743433.73,13
Privatpersonen,2003,14. Penzing ,239000,416.19,40,15389731,14
Privatpersonen,2003,15. Rudolfsheim-Fünfhaus ,370000,1064.81,13,5051532,15
Privatpersonen,2003,16. Ottakring ,283750,448.83,28,8295502,16
Privatpersonen,2003,17. Hernals ,180841,511.26,26,5845176.902,17
Privatpersonen,2003,18. Währing ,652835,486.46,2,1305670.007,18
Privatpersonen,2003,19. Döbling ,62648.2,199.25,6,517223.415,19
Privatpersonen,2003,2. Leopoldstadt ,505000,901.49,20,9399260.95,2
Privatpersonen,2003,20. Brigittenau ,350000,739.96,5,1789000,20
Privatpersonen,2003,21. Floridsdorf ,127335,235.29,137,21832560.9095,21
Privatpersonen,2003,22. Donaustadt ,129000,215.12,210,31079106.4346,22
Privatpersonen,2003,23. Liesing ,207000,342.41,123,35131889.346,23
Privatpersonen,2003,3. Landstraße ,600000,1122.02,9,11542053,3
Privatpersonen,2003,4. Wieden ,615000,1756.43,4,7310000,4
Privatpersonen,2003,5. Margareten ,515000,1150.5,8,4782906,5
Privatpersonen,2003,6. Mariahilf ,640000,1792.81,11,8015660,6
Privatpersonen,2003,7. Neubau ,472373.4,979.78,11,7669973.4,7
Privatpersonen,2003,8. Josefstadt ,382500,1031.75,5,2311136.37,8
Privatpersonen,2003,9. Alsergrund ,550000,1213.72,10,8821000,9
Privatpersonen,2004,1. Innere Stadt ,3243000,14414.99,6,68706800,1
Privatpersonen,2004,10. Favoriten ,180000,350.88,31,9126230,10
Privatpersonen,2004,11. Simmering ,147750,209.38,34,7321897,11
Privatpersonen,2004,12. Meidling ,300000,450.89,23,7782405.12,12
Privatpersonen,2004,13. Hietzing ,300000,545,39,12544998.1,13
Privatpersonen,2004,14. Penzing ,182500,413.87,30,6047986.5,14
Privatpersonen,2004,15. Rudolfsheim-Fünfhaus ,429000,903.23,9,5182400,15
Privatpersonen,2004,16. Ottakring ,232000,506.59,18,4914400,16
Privatpersonen,2004,17. Hernals ,177500,410,30,8106770,17
Privatpersonen,2004,18. Währing ,209617.25,527.5,6,2504059.5,18
Privatpersonen,2004,19. Döbling ,87500,380,25,6597296,19
Privatpersonen,2004,2. Leopoldstadt ,325000,645.8,30,12352879.23,2
Privatpersonen,2004,20. Brigittenau ,525000,1053.3,11,9175500,20
Privatpersonen,2004,21. Floridsdorf ,116000,228.92,121,17723132.52,21
Privatpersonen,2004,22. Donaustadt ,130000,241.27,242,38564243.28,22
Privatpersonen,2004,23. Liesing ,220000,342.82,135,38806636.4,23
Privatpersonen,2004,3. Landstraße ,1224000,1319.94,8,13877000,3
Privatpersonen,2004,4. Wieden ,2028000,1706.26,2,4056000,4
Privatpersonen,2004,5. Margareten ,410000,1006.01,9,5540000,5
Privatpersonen,2004,6. Mariahilf ,530000,1495.19,4,3154355,6
Privatpersonen,2004,7. Neubau ,549000,944.73,6,2909728.3,7
Privatpersonen,2004,8. Josefstadt ,580300,1268.45,12,11635554.2,8
Privatpersonen,2004,9. Alsergrund ,837500,2083.87,8,6551130,9
Privatpersonen,2005,1. Innere Stadt ,4753000,9922.76,1,4753000,1
Privatpersonen,2005,10. Favoriten ,150400,315.16,44,10499424,10
Privatpersonen,2005,11. Simmering ,150000,322.58,37,9422657,11
Privatpersonen,2005,12. Meidling ,350000,728.54,23,10748150,12
Privatpersonen,2005,13. Hietzing ,325000,545.38,62,29488146.5,13
Privatpersonen,2005,14. Penzing ,179000,351.37,54,11953767,14
Privatpersonen,2005,15. Rudolfsheim-Fünfhaus ,465000,980.57,12,5666000,15
Privatpersonen,2005,16. Ottakring ,199000,417.98,24,6833400,16
Privatpersonen,2005,17. Hernals ,175000,420,34,9929031,17
Privatpersonen,2005,18. Währing ,400000,718.27,20,9047260,18
Privatpersonen,2005,19. Döbling ,265000,446.11,26,11682710,19
Privatpersonen,2005,2. Leopoldstadt ,520250,1101,20,12847597.6,2
Privatpersonen,2005,20. Brigittenau ,530000,894.51,10,5650000,20
Privatpersonen,2005,21. Floridsdorf ,114000,235.87,122,20155435,21
Privatpersonen,2005,22. Donaustadt ,145000,267.86,226,41033064.34,22
Privatpersonen,2005,23. Liesing ,200000,309.63,175,57444748.51,23
Privatpersonen,2005,3. Landstraße ,795000,1331.23,8,7676644,3
Privatpersonen,2005,5. Margareten ,420000,730.41,17,6685736.7,5
Privatpersonen,2005,6. Mariahilf ,818888.5,1844.77,8,8286014,6
Privatpersonen,2005,7. Neubau ,520000,1601.42,9,10588450,7
Privatpersonen,2005,8. Josefstadt ,434000,2256.99,2,868000,8
Privatpersonen,2005,9. Alsergrund ,587500,1633.62,11,8297468,9
Privatpersonen,2006,1. Innere Stadt ,8767003,13808.95,5,42052786,1
Privatpersonen,2006,10. Favoriten ,139000,300.6,27,7474377,10
Privatpersonen,2006,11. Simmering ,150000,235,32,36106321,11
Privatpersonen,2006,12. Meidling ,240000,503.14,35,10723917.25,12
Privatpersonen,2006,13. Hietzing ,320000,561.67,60,23356128,13
Privatpersonen,2006,14. Penzing ,101260,240,19,1962250,14
Privatpersonen,2006,15. Rudolfsheim-Fünfhaus ,379023.75,660.8,2,758047.5,15
Privatpersonen,2006,16. Ottakring ,351000,597.87,11,4350992,16
Privatpersonen,2006,17. Hernals ,194500,420,18,4984520,17
Privatpersonen,2006,18. Währing ,44835,610,10,3920380,18
Privatpersonen,2006,19. Döbling ,236600,426.88,22,6874875,19
Privatpersonen,2006,2. Leopoldstadt ,585000,946.9,17,17323595,2
Privatpersonen,2006,20. Brigittenau ,546627.4,1510.18,12,7126754.8,20
Privatpersonen,2006,21. Floridsdorf ,122500,226.71,108,20155344,21
Privatpersonen,2006,22. Donaustadt ,150000,290,267,46115290.03,22
Privatpersonen,2006,23. Liesing ,238770,340.89,145,43119465.18,23
Privatpersonen,2006,3. Landstraße ,720000,1799.49,7,25880670,3
Privatpersonen,2006,4. Wieden ,2050000,2624.84,1,2050000,4
Privatpersonen,2006,5. Margareten ,730000,1388.89,23,20889233.9,5
Privatpersonen,2006,6. Mariahilf ,1230000,2808.99,7,11545000,6
Privatpersonen,2006,7. Neubau ,580000,1809.21,5,2825000,7
Privatpersonen,2006,8. Josefstadt ,270000,1454.66,2,540000,8
Privatpersonen,2006,9. Alsergrund ,1662500,3086.89,4,5825000,9
Privatpersonen,2007,1. Innere Stadt ,24000000,16183.41,1,24000000,1
Privatpersonen,2007,10. Favoriten ,320000,555.92,16,5488501,10
Privatpersonen,2007,11. Simmering ,120200,300.4,32,7221621,11
Privatpersonen,2007,12. Meidling ,250000,598.29,27,8997958.31,12
Privatpersonen,2007,13. Hietzing ,360000,590.17,74,36517915,13
Privatpersonen,2007,14. Penzing ,130000,250.9,23,3640070,14
Privatpersonen,2007,15. Rudolfsheim-Fünfhaus ,280000,1917.81,1,280000,15
Privatpersonen,2007,16. Ottakring ,70580,362.78,12,2079866,16
Privatpersonen,2007,17. Hernals ,312901,477.04,12,4135892,17
Privatpersonen,2007,18. Währing ,119860,407.67,4,840570,18
Privatpersonen,2007,19. Döbling ,14106,300,14,1087090,19
Privatpersonen,2007,2. Leopoldstadt ,842500,1595.88,10,23880000,2
Privatpersonen,2007,20. Brigittenau ,810000,1964.64,9,8895000,20
Privatpersonen,2007,21. Floridsdorf ,140000,309.93,102,18166333.03,21
Privatpersonen,2007,22. Donaustadt ,160000,294.23,220,40668519.6,22
Privatpersonen,2007,23. Liesing ,210375.6,381.02,157,45610410.8,23
Privatpersonen,2007,3. Landstraße ,955000,1179.47,4,6438275,3
Privatpersonen,2007,4. Wieden ,3000000,3623.19,5,26262949,4
Privatpersonen,2007,5. Margareten ,1010000,2021.98,8,7620000,5
Privatpersonen,2007,6. Mariahilf ,750000,1421.96,6,6065000,6
Privatpersonen,2007,7. Neubau ,670000,2621.23,6,6520000,7
Privatpersonen,2007,8. Josefstadt ,960000,2061.86,5,5497800,8
Privatpersonen,2007,9. Alsergrund ,1332500,4411.16,10,28765000,9
Privatpersonen,2008,1. Innere Stadt ,3380000,4494.68,1,3380000,1
Privatpersonen,2008,10. Favoriten ,284000,406.6,28,12265988,10
Privatpersonen,2008,11. Simmering ,223000,323.86,29,6419483,11
Privatpersonen,2008,12. Meidling ,204500,475.61,27,8462062.5,12
Privatpersonen,2008,13. Hietzing ,312500,541.61,51,17235875,13
Privatpersonen,2008,14. Penzing ,215000,357.14,39,9452825,14
Privatpersonen,2008,15. Rudolfsheim-Fünfhaus ,330000,744.19,3,1570000,15
Privatpersonen,2008,16. Ottakring ,345000,625.6,16,6285850,16
Privatpersonen,2008,17. Hernals ,173054,400,41,9082732,17
Privatpersonen,2008,18. Währing ,550000,717.08,7,3648578,18
Privatpersonen,2008,19. Döbling ,80000,480,31,10479636,19
Privatpersonen,2008,2. Leopoldstadt ,1275000,1695.73,8,13482000,2
Privatpersonen,2008,20. Brigittenau ,790000,1679.59,8,6390000,20
Privatpersonen,2008,21. Floridsdorf ,130000,259.72,155,24907854.9,21
Privatpersonen,2008,22. Donaustadt ,177250,311.61,209,44448776.11,22
Privatpersonen,2008,23. Liesing ,178000,315.39,151,44893173.8,23
Privatpersonen,2008,3. Landstraße ,1700000,3526.97,7,82292937,3
Privatpersonen,2008,4. Wieden ,49750000,10738.18,1,49750000,4
Privatpersonen,2008,5. Margareten ,685000,1529.08,4,2846000,5
Privatpersonen,2008,6. Mariahilf ,450000,942.12,9,8977337,6
Privatpersonen,2008,7. Neubau ,1300000,2644.84,7,7770000,7
Privatpersonen,2008,8. Josefstadt ,1500000,4870.13,3,4616000,8
Privatpersonen,2008,9. Alsergrund ,1210000,2783.45,2,2420000,9
Privatpersonen,2009,10. Favoriten ,196000,428.57,27,9524420,10
Privatpersonen,2009,11. Simmering ,190100,330.36,29,6428613,11
Privatpersonen,2009,12. Meidling ,187500,523.7,22,8232920,12
Privatpersonen,2009,13. Hietzing ,340000,645.01,45,28072290,13
Privatpersonen,2009,14. Penzing ,238000,447.09,63,19752810,14
Privatpersonen,2009,15. Rudolfsheim-Fünfhaus ,850000,1627.47,12,11106300,15
Privatpersonen,2009,16. Ottakring ,527500,1077.49,24,15155600,16
Privatpersonen,2009,17. Hernals ,102500,345,34,6387068,17
Privatpersonen,2009,18. Währing ,950000,1529.41,27,32576110,18
Privatpersonen,2009,19. Döbling ,406902.5,730.65,54,37995319,19
Privatpersonen,2009,2. Leopoldstadt ,840000,1604.23,26,26517000,2
Privatpersonen,2009,20. Brigittenau ,877500,1567.31,9,7145000,20
Privatpersonen,2009,21. Floridsdorf ,125000,240.24,112,17463978,21
Privatpersonen,2009,22. Donaustadt ,152190,289.52,192,37579724.37,22
Privatpersonen,2009,23. Liesing ,275000,413.41,120,39654206,23
Privatpersonen,2009,3. Landstraße ,1775575,3928.26,3,5850575,3
Privatpersonen,2009,4. Wieden ,1140000,2814.81,1,1140000,4
Privatpersonen,2009,5. Margareten ,935000,1762.06,16,30631801,5
Privatpersonen,2009,6. Mariahilf ,2317500,2570.1,2,4635000,6
Privatpersonen,2009,7. Neubau ,1260000,2795.03,9,24633600,7
Privatpersonen,2009,8. Josefstadt ,2453200,3483.8,10,26816400,8
Privatpersonen,2009,9. Alsergrund ,1933250,3727.61,4,16846500,9
Privatpersonen,2010,1. Innere Stadt ,14895000,29602.91,2,29790000,1
Privatpersonen,2010,10. Favoriten ,270000,398.46,17,4980400,10
Privatpersonen,2010,11. Simmering ,109101,228.58,14,3600772,11
Privatpersonen,2010,12. Meidling ,320000,649.03,22,10930090.36,12
Privatpersonen,2010,13. Hietzing ,400000,775.86,61,37753579,13
Privatpersonen,2010,14. Penzing ,267500,470.04,72,25922176,14
Privatpersonen,2010,15. Rudolfsheim-Fünfhaus ,630000,1463.41,11,8541001,15
Privatpersonen,2010,16. Ottakring ,550000,961.54,25,15526930,16
Privatpersonen,2010,17. Hernals ,315000,692.84,39,16033580,17
Privatpersonen,2010,18. Währing ,505000,988.28,24,14607055,18
Privatpersonen,2010,19. Döbling ,280000,650,59,50612294.6,19
Privatpersonen,2010,2. Leopoldstadt ,1280000,1747.34,10,15961000,2
Privatpersonen,2010,20. Brigittenau ,740000,1343.86,10,8094000,20
Privatpersonen,2010,21. Floridsdorf ,163000,305.41,122,23950994.903,21
Privatpersonen,2010,22. Donaustadt ,155000,312.81,232,43632289.66,22
Privatpersonen,2010,23. Liesing ,223810,398.79,138,47209720.9,23
Privatpersonen,2010,3. Landstraße ,3141500,2685.75,2,6283000,3
Privatpersonen,2010,4. Wieden ,800000,2110.82,1,800000,4
Privatpersonen,2010,5. Margareten ,450000,986.84,13,11445376,5
Privatpersonen,2010,6. Mariahilf ,1660000,2794.54,4,8151836,6
Privatpersonen,2010,7. Neubau ,1660000,3562.95,5,13565000,7
Privatpersonen,2010,8. Josefstadt ,435000,635.1,3,4860000,8
Privatpersonen,2010,9. Alsergrund ,2330500,5225.85,2,4661000,9
Privatpersonen,2011,10. Favoriten ,311500,472.33,33,19277943,10
Privatpersonen,2011,11. Simmering ,211010,330.19,28,6736060,11
Privatpersonen,2011,12. Meidling ,300000,411,21,11726968.62,12
Privatpersonen,2011,13. Hietzing ,334680,678.63,34,12928242,13
Privatpersonen,2011,14. Penzing ,231000,365.82,77,29124082,14
Privatpersonen,2011,15. Rudolfsheim-Fünfhaus ,975000,1953.76,6,6535000,15
Privatpersonen,2011,16. Ottakring ,475000,1071.43,41,24000578,16
Privatpersonen,2011,17. Hernals ,380000,675.68,53,23364760,17
Privatpersonen,2011,18. Währing ,1100000,2109.7,23,33503030,18
Privatpersonen,2011,19. Döbling ,520000,768.44,49,69170664,19
Privatpersonen,2011,2. Leopoldstadt ,1005500,2110.09,12,11930587.5,2
Privatpersonen,2011,20. Brigittenau ,971666,2408.54,7,7936666,20
Privatpersonen,2011,21. Floridsdorf ,150000,353.04,107,19473699.8,21
Privatpersonen,2011,22. Donaustadt ,200000,332.17,199,48113489.93,22
Privatpersonen,2011,23. Liesing ,270000,502.92,107,34103287.2,23
Privatpersonen,2011,3. Landstraße ,2402500,4767.52,2,4805000,3
Privatpersonen,2011,4. Wieden ,5350000,9705.88,3,21100000,4
Privatpersonen,2011,5. Margareten ,690000,1965.81,3,2410000,5
Privatpersonen,2011,6. Mariahilf ,1830000,1232.32,1,1830000,6
Privatpersonen,2011,7. Neubau ,4000000,5873.72,7,18400000,7
Privatpersonen,2012,10. Favoriten ,243458,464.08,22,10376930,10
Privatpersonen,2012,11. Simmering ,166822.5,302.5,29,6438584,11
Privatpersonen,2012,12. Meidling ,380000,722.49,20,10477021,12
Privatpersonen,2012,13. Hietzing ,350000,658.71,16,8360870,13
Privatpersonen,2012,14. Penzing ,330000,590.6,34,12756720,14
Privatpersonen,2012,15. Rudolfsheim-Fünfhaus ,1340000,1985.82,5,5680000,15
Privatpersonen,2012,16. Ottakring ,395000,1023.77,14,9394220,16
Privatpersonen,2012,17. Hernals ,516000,1177.39,29,18597362,17
Privatpersonen,2012,18. Währing ,1265000,1693.5,16,21763050,18
Privatpersonen,2012,19. Döbling ,285000,830,32,43142210,19
Privatpersonen,2012,2. Leopoldstadt ,1232500,1743.97,8,8705000,2
Privatpersonen,2012,20. Brigittenau ,831400,1641.1,6,7246800,20
Privatpersonen,2012,21. Floridsdorf ,150000,324.54,108,21276408.34,21
Privatpersonen,2012,22. Donaustadt ,240000,370.99,158,47937014.3,22
Privatpersonen,2012,23. Liesing ,250000,432.53,68,22104438.6,23
Privatpersonen,2012,3. Landstraße ,1950000,4045.31,5,22412000,3
Privatpersonen,2012,5. Margareten ,408000,1569.23,3,1503000,5
Privatpersonen,2012,6. Mariahilf ,797500,1942.86,2,1595000,6
Privatpersonen,2012,7. Neubau ,1898500,2783.93,2,3797000,7
Privatpersonen,2012,8. Josefstadt ,775000,1506.88,2,1550000,8
Privatpersonen,2012,9. Alsergrund ,3700000,8314.61,1,3700000,9
Privatpersonen,2013,10. Favoriten ,345000,391.97,13,6623051,10
Privatpersonen,2013,11. Simmering ,200000,376.18,33,10471634,11
Privatpersonen,2013,12. Meidling ,425000,765.52,18,10266962.59,12
Privatpersonen,2013,13. Hietzing ,650000,944.17,28,29371025,13
Privatpersonen,2013,14. Penzing ,365000,623.67,36,17506181.1,14
Privatpersonen,2013,15. Rudolfsheim-Fünfhaus ,1560000,2489.32,4,8355000,15
Privatpersonen,2013,16. Ottakring ,307500,787.45,18,8944530,16
Privatpersonen,2013,17. Hernals ,280000,830,29,14845544,17
Privatpersonen,2013,18. Währing ,675000,1617.25,17,15388960,18
Privatpersonen,2013,19. Döbling ,700000,940,41,73799560,19
Privatpersonen,2013,2. Leopoldstadt ,61200,200,35,12996568.66,2
Privatpersonen,2013,20. Brigittenau ,1560000,3435.45,7,9015000,20
Privatpersonen,2013,21. Floridsdorf ,138500,339.82,118,26451683.6,21
Privatpersonen,2013,22. Donaustadt ,212000,389.59,186,48459116.62,22
Privatpersonen,2013,23. Liesing ,320000,547.25,105,47395956.75,23
Privatpersonen,2013,3. Landstraße ,1713500,4328.25,4,6974300,3
Privatpersonen,2013,5. Margareten ,960000,1740.26,2,1920000,5
Privatpersonen,2013,6. Mariahilf ,4000000,4767.58,1,4000000,6
Privatpersonen,2013,7. Neubau ,1941373.5,5843.14,2,3882747,7
Privatpersonen,2013,8. Josefstadt ,4200000,5236.91,1,4200000,8
Privatpersonen,2014,1. Innere Stadt ,23000,11500,1,23000,1
Privatpersonen,2014,10. Favoriten ,325000,557.73,22,11462075,10
Privatpersonen,2014,11. Simmering ,195000,368.51,30,10707862,11
Privatpersonen,2014,12. Meidling ,520000,1023.16,26,19849600,12
Privatpersonen,2014,13. Hietzing ,530000,968.4,51,32966660,13
Privatpersonen,2014,14. Penzing ,269000,530.5,63,20464365,14
Privatpersonen,2014,15. Rudolfsheim-Fünfhaus ,782500,1708.39,6,4055000,15
Privatpersonen,2014,16. Ottakring ,259600,662.24,17,6015150,16
Privatpersonen,2014,17. Hernals ,355000,827.81,23,12560230,17
Privatpersonen,2014,18. Währing ,1200000,2550,13,18200880,18
Privatpersonen,2014,19. Döbling ,519000,807.68,37,47825468,19
Privatpersonen,2014,2. Leopoldstadt ,94900,366.74,12,10395953.26,2
Privatpersonen,2014,21. Floridsdorf ,223110,448.2,115,29912854.5,21
Privatpersonen,2014,22. Donaustadt ,240000,422.51,188,58698178.8,22
Privatpersonen,2014,23. Liesing ,356000,614.75,99,47073912.5,23
Privatpersonen,2014,3. Landstraße ,63100,200,8,723000,3
Privatpersonen,2014,4. Wieden ,904350,6957.19,2,1808700,4
Privatpersonen,2014,5. Margareten ,1552200,3752.58,2,3104400,5
Privatpersonen,2014,6. Mariahilf ,1450000,2782.59,4,5459000,6
Privatpersonen,2014,7. Neubau ,1950000,3878.88,2,3900000,7
Privatpersonen,2014,9. Alsergrund ,1150000,1681.29,1,1150000,9
Privatpersonen,2015,10. Favoriten ,315000,513.21,20,6538380,10
Privatpersonen,2015,11. Simmering ,258500,474.06,31,9818565,11
Privatpersonen,2015,12. Meidling ,820000,1406.52,9,6606790,12
Privatpersonen,2015,13. Hietzing ,450000,834.88,55,27623590,13
Privatpersonen,2015,14. Penzing ,321000,630.66,95,39994276.1,14
Privatpersonen,2015,15. Rudolfsheim-Fünfhaus ,1435000,2470.02,11,14357350,15
Privatpersonen,2015,16. Ottakring ,671331,1704.48,10,6257662,16
Privatpersonen,2015,17. Hernals ,381000,915.24,33,16123214,17
Privatpersonen,2015,18. Währing ,1125000,1908.7,24,35909327,18
Privatpersonen,2015,19. Döbling ,920100,1448.53,57,91348386,19
Privatpersonen,2015,2. Leopoldstadt ,130000,395.65,16,3048028.7,2
Privatpersonen,2015,20. Brigittenau ,2625000,4269.08,3,7635000,20
Privatpersonen,2015,21. Floridsdorf ,200000,434.66,95,23790780.5,21
Privatpersonen,2015,22. Donaustadt ,270000,500,215,63842162.5,22
Privatpersonen,2015,23. Liesing ,310000,612.69,107,44496161.6,23
Privatpersonen,2015,3. Landstraße ,4456100,2754.08,1,4456100,3
Privatpersonen,2015,4. Wieden ,1642500,1381.01,2,3285000,4
Privatpersonen,2015,5. Margareten ,1750000,3809.52,5,11740000,5
Privatpersonen,2015,7. Neubau ,1275000,4319.81,2,2550000,7
Privatpersonen,2015,8. Josefstadt ,3680000,9340.1,1,3680000,8
Privatpersonen,2015,9. Alsergrund ,2575000,5078.9,1,2575000,9
Privatpersonen,2016,10. Favoriten ,275000,493.19,14,6298187,10
Privatpersonen,2016,11. Simmering ,250000,400,19,6451493,11
Privatpersonen,2016,12. Meidling ,660000,1196.93,13,8799606.5,12
Privatpersonen,2016,13. Hietzing ,488000,863.16,51,39902045,13
Privatpersonen,2016,14. Penzing ,323500,693.51,84,34278300,14
Privatpersonen,2016,15. Rudolfsheim-Fünfhaus ,227500,403.26,2,455000,15
Privatpersonen,2016,16. Ottakring ,355000,666.67,7,2638990,16
Privatpersonen,2016,17. Hernals ,510000,1053.7,20,20202830,17
Privatpersonen,2016,18. Währing ,1090000,1773.65,13,18218160,18
Privatpersonen,2016,19. Döbling ,1500000,1857.84,31,80817050,19
Privatpersonen,2016,2. Leopoldstadt ,77915,230,20,10070720,2
Privatpersonen,2016,20. Brigittenau ,332000,579.41,1,332000,20
Privatpersonen,2016,21. Floridsdorf ,220000,456.27,109,32081911.3,21
Privatpersonen,2016,22. Donaustadt ,310000,583.5,153,60904176.58,22
Privatpersonen,2016,23. Liesing ,360000,641.92,75,40773477,23
Privatpersonen,2016,3. Landstraße ,3150000,8056.27,1,3150000,3
Privatpersonen,2016,5. Margareten ,850000,4829.55,1,850000,5
Privatpersonen,2016,7. Neubau ,1270000,8758.62,1,1270000,7
Privatpersonen,2017,10. Favoriten ,250000,370,11,4008636,10
Privatpersonen,2017,11. Simmering ,170000,350,15,2676605,11
Privatpersonen,2017,12. Meidling ,585000,1268.88,17,13071000,12
Privatpersonen,2017,13. Hietzing ,530000,1018.52,53,37041140,13
Privatpersonen,2017,14. Penzing ,310000,611.35,65,30507100,14
Privatpersonen,2017,15. Rudolfsheim-Fünfhaus ,1275000,2946.19,8,10077800,15
Privatpersonen,2017,16. Ottakring ,340000,1048.96,6,3423400,16
Privatpersonen,2017,17. Hernals ,350000,877.78,13,5818960,17
Privatpersonen,2017,18. Währing ,34800,1200,5,2300460,18
Privatpersonen,2017,19. Döbling ,480000,1240.95,18,22642441,19
Privatpersonen,2017,2. Leopoldstadt ,58040,200,26,10105340,2
Privatpersonen,2017,20. Brigittenau ,2600000,4173.35,1,2600000,20
Privatpersonen,2017,21. Floridsdorf ,300000,575,120,40384747,21
Privatpersonen,2017,22. Donaustadt ,345000,655.74,168,68044783.06,22
Privatpersonen,2017,23. Liesing ,430000,723.64,100,53037736,23
Privatpersonen,2017,3. Landstraße ,1875500,4841.47,2,3751000,3
Privatpersonen,2017,5. Margareten ,1865000,3956.22,2,3730000,5
Privatpersonen,2017,9. Alsergrund ,2450000,6675.75,1,2450000,9
Privatpersonen,2018,10. Favoriten ,465000,771.76,12,5365020,10
Privatpersonen,2018,11. Simmering ,228750,607.51,26,7128317,11
Privatpersonen,2018,12. Meidling ,600000,1094.39,9,9985000,12
Privatpersonen,2018,13. Hietzing ,685000,1149.24,36,34939900,13
Privatpersonen,2018,14. Penzing ,340000,700.64,79,34919912.4,14
Privatpersonen,2018,15. Rudolfsheim-Fünfhaus ,1850000,3067.99,1,1850000,15
Privatpersonen,2018,16. Ottakring ,235000,900,15,7320800,16
Privatpersonen,2018,17. Hernals ,430000,985.71,35,25625643.5,17
Privatpersonen,2018,18. Währing ,273000,1391.47,7,5194340,18
Privatpersonen,2018,19. Döbling ,1975000,1473.48,29,79109900,19
Privatpersonen,2018,2. Leopoldstadt ,93502.5,330,38,9912900,2
Privatpersonen,2018,20. Brigittenau ,450000,341.43,1,450000,20
Privatpersonen,2018,21. Floridsdorf ,250000,557.5,103,33344411.95,21
Privatpersonen,2018,22. Donaustadt ,350000,685.95,174,68227034.4,22
Privatpersonen,2018,23. Liesing ,490000,797.81,102,62051282,23
Privatpersonen,2018,3. Landstraße ,83160,280,3,248920,3
Privatpersonen,2019,10. Favoriten ,530750,1001.96,18,12774209,10
Privatpersonen,2019,11. Simmering ,267500,601.84,24,6806216,11
Privatpersonen,2019,12. Meidling ,399000,820.11,15,10105300,12
Privatpersonen,2019,13. Hietzing ,577500,1120.69,39,31184000,13
Privatpersonen,2019,14. Penzing ,300000,744.5,94,40843005,14
Privatpersonen,2019,15. Rudolfsheim-Fünfhaus ,1485000,3847.98,3,4105000,15
Privatpersonen,2019,16. Ottakring ,415000,1041.38,9,7788770,16
Privatpersonen,2019,17. Hernals ,635000,1000,18,12198542,17
Privatpersonen,2019,18. Währing ,670000,1207.21,5,14771000,18
Privatpersonen,2019,19. Döbling ,203880,720,24,24646740,19
Privatpersonen,2019,2. Leopoldstadt ,192500,841.08,18,6244632,2
Privatpersonen,2019,21. Floridsdorf ,353000,738.19,120,48121411.71,21
Privatpersonen,2019,22. Donaustadt ,420000,835.95,159,69649002,22
Privatpersonen,2019,23. Liesing ,500000,899.22,95,52783775.4,23
Privatpersonen,2019,3. Landstraße ,47400,181.42,2,94800,3
Privatpersonen,2019,9. Alsergrund ,6400000,11780.01,2,12800000,9
