Jahr,Daten,Fitted,Vorhersage,Low80,High80,Low95,High95,Modell,Bezirk
1987,11,22.314227693593548,NA,NA,NA,NA,NA,"ARIMA (0,1,0)",10. Favoriten 
1988,27,15.371838287999491,NA,NA,NA,NA,NA,"ARIMA (0,1,0)",10. Favoriten 
1989,28,27.214718753539678,NA,NA,NA,NA,NA,"ARIMA (0,1,0)",10. Favoriten 
1990,60,27.954898782635937,NA,NA,NA,NA,NA,"ARIMA (0,1,0)",10. Favoriten 
1991,50,51.64065971371632,NA,NA,NA,NA,NA,"ARIMA (0,1,0)",10. Favoriten 
1992,32,44.23885942275369,NA,NA,NA,NA,NA,"ARIMA (0,1,0)",10. Favoriten 
1993,24,30.915618899020984,NA,NA,NA,NA,NA,"ARIMA (0,1,0)",10. Favoriten 
1994,26,24.994178666250892,NA,NA,NA,NA,NA,"ARIMA (0,1,0)",10. Favoriten 
1995,24,26.474538724443416,NA,NA,NA,NA,NA,"ARIMA (0,1,0)",10. Favoriten 
1996,23,24.994178666250892,NA,NA,NA,NA,NA,"ARIMA (0,1,0)",10. Favoriten 
1997,15,24.25399863715463,NA,NA,NA,NA,NA,"ARIMA (0,1,0)",10. Favoriten 
1998,19,18.332558404384535,NA,NA,NA,NA,NA,"ARIMA (0,1,0)",10. Favoriten 
1999,18,21.293278520769583,NA,NA,NA,NA,NA,"ARIMA (0,1,0)",10. Favoriten 
2000,19,20.553098491673325,NA,NA,NA,NA,NA,"ARIMA (0,1,0)",10. Favoriten 
2001,10,21.293278520769583,NA,NA,NA,NA,NA,"ARIMA (0,1,0)",10. Favoriten 
2002,15,14.63165825890323,NA,NA,NA,NA,NA,"ARIMA (0,1,0)",10. Favoriten 
2003,13,18.332558404384535,NA,NA,NA,NA,NA,"ARIMA (0,1,0)",10. Favoriten 
2004,25,16.852198346192015,NA,NA,NA,NA,NA,"ARIMA (0,1,0)",10. Favoriten 
2005,25,25.734358695347154,NA,NA,NA,NA,NA,"ARIMA (0,1,0)",10. Favoriten 
2006,19,25.734358695347154,NA,NA,NA,NA,NA,"ARIMA (0,1,0)",10. Favoriten 
2007,25,21.293278520769583,NA,NA,NA,NA,NA,"ARIMA (0,1,0)",10. Favoriten 
2008,11,25.734358695347154,NA,NA,NA,NA,NA,"ARIMA (0,1,0)",10. Favoriten 
2009,14,15.371838287999491,NA,NA,NA,NA,NA,"ARIMA (0,1,0)",10. Favoriten 
2010,22,17.592378375288277,NA,NA,NA,NA,NA,"ARIMA (0,1,0)",10. Favoriten 
2011,22,23.51381860805837,NA,NA,NA,NA,NA,"ARIMA (0,1,0)",10. Favoriten 
2012,19,23.51381860805837,NA,NA,NA,NA,NA,"ARIMA (0,1,0)",10. Favoriten 
2013,25,21.293278520769583,NA,NA,NA,NA,NA,"ARIMA (0,1,0)",10. Favoriten 
2014,36,25.734358695347154,NA,NA,NA,NA,NA,"ARIMA (0,1,0)",10. Favoriten 
2015,33,33.87633901540603,NA,NA,NA,NA,NA,"ARIMA (0,1,0)",10. Favoriten 
2016,38,31.65579892811725,NA,NA,NA,NA,NA,"ARIMA (0,1,0)",10. Favoriten 
2017,35,35.356699073598556,NA,NA,NA,NA,NA,"ARIMA (0,1,0)",10. Favoriten 
2018,40,33.13615898630977,NA,NA,NA,NA,NA,"ARIMA (0,1,0)",10. Favoriten 
2019,63,36.83705913179108,NA,NA,NA,NA,NA,"ARIMA (0,1,0)",10. Favoriten 
2020,NA,NA,53.8611998010051,41.17746689392141,66.5449327080888,34.46310427697105,73.25929532503915,"ARIMA (0,1,0)",10. Favoriten 
2021,NA,NA,47.09684240380813,31.31659400546949,62.877090802146775,22.963035103829288,71.23064970378698,"ARIMA (0,1,0)",10. Favoriten 
2022,NA,NA,42.09000014873337,24.847473363604145,59.33252693386259,15.719831042850178,68.46016925461656,"ARIMA (0,1,0)",10. Favoriten 
2023,NA,NA,38.38403550269173,20.39069298414745,56.37737802123601,10.865592822741156,65.90247818264231,"ARIMA (0,1,0)",10. Favoriten 
2024,NA,NA,35.64095448315492,17.24925700843505,54.03265195787479,7.513280471310651,63.76862849499919,"ARIMA (0,1,0)",10. Favoriten 
2025,NA,NA,33.61058069430076,15.004253788912383,52.21690759968914,5.154659294335328,62.066502094266184,"ARIMA (0,1,0)",10. Favoriten 
2026,NA,NA,32.1077385641904,13.384866600203676,50.83061052817712,3.4735768783322953,60.7419002500485,"ARIMA (0,1,0)",10. Favoriten 
2027,NA,NA,30.995364832598227,12.208948300224005,49.781781364972446,2.264020115794576,59.726709549401875,"ARIMA (0,1,0)",10. Favoriten 
2028,NA,NA,30.172008011582413,11.350868508382085,48.99314751478274,1.3875590935237092,58.95645692964112,"ARIMA (0,1,0)",10. Favoriten 
2029,NA,NA,29.562575735846323,10.72243981586442,48.40271165582823,0.7490743054048075,58.37607716628784,"ARIMA (0,1,0)",10. Favoriten 
1987,11,9.565232993431632,NA,NA,NA,NA,NA,ETS,10. Favoriten 
1988,27,16.90446262882914,NA,NA,NA,NA,NA,ETS,10. Favoriten 
1989,28,33.155666573635585,NA,NA,NA,NA,NA,ETS,10. Favoriten 
1990,60,34.362439427709155,NA,NA,NA,NA,NA,ETS,10. Favoriten 
1991,50,66.72809452293306,NA,NA,NA,NA,NA,ETS,10. Favoriten 
1992,32,57.17872347105687,NA,NA,NA,NA,NA,ETS,10. Favoriten 
1993,24,38.14531662223617,NA,NA,NA,NA,NA,ETS,10. Favoriten 
1994,26,29.07644140285472,NA,NA,NA,NA,NA,ETS,10. Favoriten 
1995,24,30.57572054822764,NA,NA,NA,NA,NA,ETS,10. Favoriten 
1996,23,28.345821841553953,NA,NA,NA,NA,NA,ETS,10. Favoriten 
1997,15,27.032839210921228,NA,NA,NA,NA,NA,ETS,10. Favoriten 
1998,19,18.620929395262934,NA,NA,NA,NA,NA,ETS,10. Favoriten 
1999,18,22.256361525921136,NA,NA,NA,NA,NA,ETS,10. Favoriten 
2000,19,21.18089925955473,NA,NA,NA,NA,NA,ETS,10. Favoriten 
2001,10,22.004518423511904,NA,NA,NA,NA,NA,ETS,10. Favoriten 
2002,15,12.691121227687542,NA,NA,NA,NA,NA,ETS,10. Favoriten 
2003,13,17.366961953630586,NA,NA,NA,NA,NA,ETS,10. Favoriten 
2004,25,15.348948246244916,NA,NA,NA,NA,NA,ETS,10. Favoriten 
2005,25,27.411523481780566,NA,NA,NA,NA,NA,ETS,10. Favoriten 
2006,19,27.660756553711735,NA,NA,NA,NA,NA,ETS,10. Favoriten 
2007,25,21.408720341865404,NA,NA,NA,NA,NA,ETS,10. Favoriten 
2008,11,27.214297450201897,NA,NA,NA,NA,NA,ETS,10. Favoriten 
2009,14,12.993271639378168,NA,NA,NA,NA,NA,ETS,10. Favoriten 
2010,22,15.512174170499014,NA,NA,NA,NA,NA,ETS,10. Favoriten 
2011,22,23.67622904212693,NA,NA,NA,NA,NA,ETS,10. Favoriten 
2012,19,23.84264470834434,NA,NA,NA,NA,NA,ETS,10. Favoriten 
2013,25,20.69157507737097,NA,NA,NA,NA,NA,ETS,10. Favoriten 
2014,36,26.629987116275828,NA,NA,NA,NA,NA,ETS,10. Favoriten 
2015,33,37.955248477685885,NA,NA,NA,NA,NA,ETS,10. Favoriten 
2016,38,35.14367694583743,NA,NA,NA,NA,NA,ETS,10. Favoriten 
2017,35,40.04885826283985,NA,NA,NA,NA,NA,ETS,10. Favoriten 
2018,40,37.03381547381219,NA,NA,NA,NA,NA,ETS,10. Favoriten 
2019,63,41.938350735701086,NA,NA,NA,NA,NA,ETS,10. Favoriten 
2020,NA,NA,65.46158307363982,35.643144457341435,95.2800216899382,19.85821654946288,111.06494959781675,ETS,10. Favoriten 
2021,NA,NA,68.57487853699621,23.645564202083733,113.50419287190869,-0.13857811512548324,137.2883351891179,ETS,10. Favoriten 
2022,NA,NA,71.6881740003526,12.538310542354871,130.83803745835033,-18.77373575422814,162.15008375493335,ETS,10. Favoriten 
2023,NA,NA,74.801469463709,1.2514308406185677,148.3515080867994,-37.68360771812701,187.286546645545,ETS,10. Favoriten 
2024,NA,NA,77.91476492706539,-10.677570253341344,166.50710010747213,-57.57551960636255,213.40504946049333,ETS,10. Favoriten 
2025,NA,NA,81.02806039042179,-23.535287779825694,185.59140856066927,-78.88778070920412,240.9439014900477,ETS,10. Favoriten 
2026,NA,NA,84.14135585377818,-37.54257550896925,205.82528721652562,-101.9581577205187,270.24086942807503,ETS,10. Favoriten 
2027,NA,NA,87.25465131713457,-52.89488355633358,227.40418619060273,-127.08556579719433,301.5948684314635,ETS,10. Favoriten 
2028,NA,NA,90.36794678049097,-69.78062129804684,250.51651485902877,-154.55815221436927,335.2940457753512,ETS,10. Favoriten 
2029,NA,NA,93.48124224384736,-88.39102642464161,275.35351091233633,-184.6683897807917,371.6308742684864,ETS,10. Favoriten 
1987,11,10.989000005499996,NA,NA,NA,NA,NA,"ARIMA (0,1,0) mit Drift",10. Favoriten 
1988,27,10.999999999931084,NA,NA,NA,NA,NA,"ARIMA (0,1,0) mit Drift",10. Favoriten 
1989,28,27,NA,NA,NA,NA,NA,"ARIMA (0,1,0) mit Drift",10. Favoriten 
1990,60,28,NA,NA,NA,NA,NA,"ARIMA (0,1,0) mit Drift",10. Favoriten 
1991,50,60,NA,NA,NA,NA,NA,"ARIMA (0,1,0) mit Drift",10. Favoriten 
1992,32,50,NA,NA,NA,NA,NA,"ARIMA (0,1,0) mit Drift",10. Favoriten 
1993,24,32,NA,NA,NA,NA,NA,"ARIMA (0,1,0) mit Drift",10. Favoriten 
1994,26,24,NA,NA,NA,NA,NA,"ARIMA (0,1,0) mit Drift",10. Favoriten 
1995,24,26,NA,NA,NA,NA,NA,"ARIMA (0,1,0) mit Drift",10. Favoriten 
1996,23,24,NA,NA,NA,NA,NA,"ARIMA (0,1,0) mit Drift",10. Favoriten 
1997,15,23,NA,NA,NA,NA,NA,"ARIMA (0,1,0) mit Drift",10. Favoriten 
1998,19,15,NA,NA,NA,NA,NA,"ARIMA (0,1,0) mit Drift",10. Favoriten 
1999,18,19,NA,NA,NA,NA,NA,"ARIMA (0,1,0) mit Drift",10. Favoriten 
2000,19,18,NA,NA,NA,NA,NA,"ARIMA (0,1,0) mit Drift",10. Favoriten 
2001,10,19,NA,NA,NA,NA,NA,"ARIMA (0,1,0) mit Drift",10. Favoriten 
2002,15,10,NA,NA,NA,NA,NA,"ARIMA (0,1,0) mit Drift",10. Favoriten 
2003,13,15,NA,NA,NA,NA,NA,"ARIMA (0,1,0) mit Drift",10. Favoriten 
2004,25,13,NA,NA,NA,NA,NA,"ARIMA (0,1,0) mit Drift",10. Favoriten 
2005,25,25,NA,NA,NA,NA,NA,"ARIMA (0,1,0) mit Drift",10. Favoriten 
2006,19,25,NA,NA,NA,NA,NA,"ARIMA (0,1,0) mit Drift",10. Favoriten 
2007,25,19,NA,NA,NA,NA,NA,"ARIMA (0,1,0) mit Drift",10. Favoriten 
2008,11,25,NA,NA,NA,NA,NA,"ARIMA (0,1,0) mit Drift",10. Favoriten 
2009,14,11,NA,NA,NA,NA,NA,"ARIMA (0,1,0) mit Drift",10. Favoriten 
2010,22,14,NA,NA,NA,NA,NA,"ARIMA (0,1,0) mit Drift",10. Favoriten 
2011,22,22,NA,NA,NA,NA,NA,"ARIMA (0,1,0) mit Drift",10. Favoriten 
2012,19,22,NA,NA,NA,NA,NA,"ARIMA (0,1,0) mit Drift",10. Favoriten 
2013,25,19,NA,NA,NA,NA,NA,"ARIMA (0,1,0) mit Drift",10. Favoriten 
2014,36,25,NA,NA,NA,NA,NA,"ARIMA (0,1,0) mit Drift",10. Favoriten 
2015,33,36,NA,NA,NA,NA,NA,"ARIMA (0,1,0) mit Drift",10. Favoriten 
2016,38,33,NA,NA,NA,NA,NA,"ARIMA (0,1,0) mit Drift",10. Favoriten 
2017,35,38,NA,NA,NA,NA,NA,"ARIMA (0,1,0) mit Drift",10. Favoriten 
2018,40,35,NA,NA,NA,NA,NA,"ARIMA (0,1,0) mit Drift",10. Favoriten 
2019,63,40,NA,NA,NA,NA,NA,"ARIMA (0,1,0) mit Drift",10. Favoriten 
2020,NA,NA,63,50.14849100946357,75.85150899053643,43.34531309886064,82.65468690113936,"ARIMA (0,1,0) mit Drift",10. Favoriten 
2021,NA,NA,63,44.825221688623614,81.17477831137639,35.20407522021189,90.79592477978811,"ARIMA (0,1,0) mit Drift",10. Favoriten 
2022,NA,NA,63,40.74053347446269,85.2594665255373,28.957083680368136,97.04291631963187,"ARIMA (0,1,0) mit Drift",10. Favoriten 
2023,NA,NA,63,37.29698201892714,88.70301798107286,23.69062619772128,102.30937380227871,"ARIMA (0,1,0) mit Drift",10. Favoriten 
2024,NA,NA,63,34.26315228371084,91.73684771628916,19.0507840125777,106.94921598742229,"ARIMA (0,1,0) mit Drift",10. Favoriten 
2025,NA,NA,63,31.520360548395217,94.47963945160478,14.856046038044248,111.14395396195576,"ARIMA (0,1,0) mit Drift",10. Favoriten 
2026,NA,NA,63,28.99810323912987,97.00189676087012,10.9985863627465,115.0014136372535,"ARIMA (0,1,0) mit Drift",10. Favoriten 
2027,NA,NA,63,26.65044337724723,99.34955662275277,7.408150440423789,118.59184955957622,"ARIMA (0,1,0) mit Drift",10. Favoriten 
2028,NA,NA,63,24.44547302839071,101.55452697160929,4.035939296581915,121.96406070341808,"ARIMA (0,1,0) mit Drift",10. Favoriten 
2029,NA,NA,63,22.359960219773562,103.64003978022643,0.8464226949229285,125.15357730507708,"ARIMA (0,1,0) mit Drift",10. Favoriten 
1987,11,10.995080651191175,NA,NA,NA,NA,NA,"ARIMA (0, 1, 2) mit Drift",10. Favoriten 
1988,27,26.978981020712048,NA,NA,NA,NA,NA,"ARIMA (0, 1, 2) mit Drift",10. Favoriten 
1989,28,40.21624128688927,NA,NA,NA,NA,NA,"ARIMA (0, 1, 2) mit Drift",10. Favoriten 
1990,60,37.90224463992572,NA,NA,NA,NA,NA,"ARIMA (0, 1, 2) mit Drift",10. Favoriten 
1991,50,76.46384351951693,NA,NA,NA,NA,NA,"ARIMA (0, 1, 2) mit Drift",10. Favoriten 
1992,32,57.358451566727695,NA,NA,NA,NA,NA,"ARIMA (0, 1, 2) mit Drift",10. Favoriten 
1993,24,33.864135079370556,NA,NA,NA,NA,NA,"ARIMA (0, 1, 2) mit Drift",10. Favoriten 
1994,26,12.081002462127268,NA,NA,NA,NA,NA,"ARIMA (0, 1, 2) mit Drift",10. Favoriten 
1995,24,17.85949694800945,NA,NA,NA,NA,NA,"ARIMA (0, 1, 2) mit Drift",10. Favoriten 
1996,23,21.21725248759348,NA,NA,NA,NA,NA,"ARIMA (0, 1, 2) mit Drift",10. Favoriten 
1997,15,22.714145670944777,NA,NA,NA,NA,NA,"ARIMA (0, 1, 2) mit Drift",10. Favoriten 
1998,19,11.333238574563254,NA,NA,NA,NA,NA,"ARIMA (0, 1, 2) mit Drift",10. Favoriten 
1999,18,17.398541046957906,NA,NA,NA,NA,NA,"ARIMA (0, 1, 2) mit Drift",10. Favoriten 
2000,19,16.194385207106233,NA,NA,NA,NA,NA,"ARIMA (0, 1, 2) mit Drift",10. Favoriten 
2001,10,20.391373756203258,NA,NA,NA,NA,NA,"ARIMA (0, 1, 2) mit Drift",10. Favoriten 
2002,15,6.992832709245354,NA,NA,NA,NA,NA,"ARIMA (0, 1, 2) mit Drift",10. Favoriten 
2003,13,14.09863641270363,NA,NA,NA,NA,NA,"ARIMA (0, 1, 2) mit Drift",10. Favoriten 
2004,25,10.839929036589279,NA,NA,NA,NA,NA,"ARIMA (0, 1, 2) mit Drift",10. Favoriten 
2005,25,30.061718827017327,NA,NA,NA,NA,NA,"ARIMA (0, 1, 2) mit Drift",10. Favoriten 
2006,19,28.18198458644072,NA,NA,NA,NA,NA,"ARIMA (0, 1, 2) mit Drift",10. Favoriten 
2007,25,21.158137002566956,NA,NA,NA,NA,NA,"ARIMA (0, 1, 2) mit Drift",10. Favoriten 
2008,11,25.052901851729146,NA,NA,NA,NA,NA,"ARIMA (0, 1, 2) mit Drift",10. Favoriten 
2009,14,6.2205518566605695,NA,NA,NA,NA,NA,"ARIMA (0, 1, 2) mit Drift",10. Favoriten 
2010,22,12.549795035080422,NA,NA,NA,NA,NA,"ARIMA (0, 1, 2) mit Drift",10. Favoriten 
2011,22,20.782078131259503,NA,NA,NA,NA,NA,"ARIMA (0, 1, 2) mit Drift",10. Favoriten 
2012,19,25.619092903618466,NA,NA,NA,NA,NA,"ARIMA (0, 1, 2) mit Drift",10. Favoriten 
2013,25,20.77034689174101,NA,NA,NA,NA,NA,"ARIMA (0, 1, 2) mit Drift",10. Favoriten 
2014,36,26.021217595953694,NA,NA,NA,NA,NA,"ARIMA (0, 1, 2) mit Drift",10. Favoriten 
2015,33,40.54719169308965,NA,NA,NA,NA,NA,"ARIMA (0, 1, 2) mit Drift",10. Favoriten 
2016,38,37.62955956344021,NA,NA,NA,NA,NA,"ARIMA (0, 1, 2) mit Drift",10. Favoriten 
2017,35,42.49165985344044,NA,NA,NA,NA,NA,"ARIMA (0, 1, 2) mit Drift",10. Favoriten 
2018,40,34.582175317932176,NA,NA,NA,NA,NA,"ARIMA (0, 1, 2) mit Drift",10. Favoriten 
2019,63,42.41782468206783,NA,NA,NA,NA,NA,"ARIMA (0, 1, 2) mit Drift",10. Favoriten 
2020,NA,NA,71.20348645870466,56.12582699767662,86.2811459197327,48.144196212965355,94.26277670444397,"ARIMA (0, 1, 2) mit Drift",10. Favoriten 
2021,NA,NA,83.07562144311913,57.967225746268475,108.1840171399698,44.675643948265,121.47559893797327,"ARIMA (0, 1, 2) mit Drift",10. Favoriten 
2022,NA,NA,97.60984602697793,61.03004646002673,134.18964559392913,41.665870270956695,153.55382178299917,"ARIMA (0, 1, 2) mit Drift",10. Favoriten 
2023,NA,NA,109.09667162282824,58.05991780616124,160.13342543949523,31.042692323137572,187.1506509225189,"ARIMA (0, 1, 2) mit Drift",10. Favoriten 
2024,NA,NA,121.70029005199682,55.34582981633419,188.05475028765943,20.21990036496338,223.18067973903027,"ARIMA (0, 1, 2) mit Drift",10. Favoriten 
2025,NA,NA,134.61073227759647,51.63470712902695,217.586757426166,7.709852715738421,261.51161183945453,"ARIMA (0, 1, 2) mit Drift",10. Favoriten 
2026,NA,NA,146.93008269271292,45.9291764419967,247.93098894342913,-7.537473650357043,301.39763903578284,"ARIMA (0, 1, 2) mit Drift",10. Favoriten 
2027,NA,NA,159.53847511089327,39.478074935540675,279.59887528624586,-24.07806178058928,343.1550120023758,"ARIMA (0, 1, 2) mit Drift",10. Favoriten 
2028,NA,NA,172.15797314065935,31.952901975733795,312.36304430558494,-42.267179401956554,386.5831256832753,"ARIMA (0, 1, 2) mit Drift",10. Favoriten 
2029,NA,NA,184.6701438109322,23.275335582658983,346.0649520392054,-62.161915018272424,431.50220264013683,"ARIMA (0, 1, 2) mit Drift",10. Favoriten 
1987,2,18.36144840844712,NA,NA,NA,NA,NA,"ARIMA (0,1,0)",11. Simmering 
1988,16,13.35899269795976,NA,NA,NA,NA,NA,"ARIMA (0,1,0)",11. Simmering 
1989,21,18.252534122480622,NA,NA,NA,NA,NA,"ARIMA (0,1,0)",11. Simmering 
1990,26,20.00022748838093,NA,NA,NA,NA,NA,"ARIMA (0,1,0)",11. Simmering 
1991,31,21.747920854281233,NA,NA,NA,NA,NA,"ARIMA (0,1,0)",11. Simmering 
1992,17,23.495614220181544,NA,NA,NA,NA,NA,"ARIMA (0,1,0)",11. Simmering 
1993,18,18.602072795660682,NA,NA,NA,NA,NA,"ARIMA (0,1,0)",11. Simmering 
1994,21,18.951611468840742,NA,NA,NA,NA,NA,"ARIMA (0,1,0)",11. Simmering 
1995,14,20.00022748838093,NA,NA,NA,NA,NA,"ARIMA (0,1,0)",11. Simmering 
1996,27,17.5534567761205,NA,NA,NA,NA,NA,"ARIMA (0,1,0)",11. Simmering 
1997,6,22.097459527461297,NA,NA,NA,NA,NA,"ARIMA (0,1,0)",11. Simmering 
1998,18,14.757147390680007,NA,NA,NA,NA,NA,"ARIMA (0,1,0)",11. Simmering 
1999,9,18.951611468840746,NA,NA,NA,NA,NA,"ARIMA (0,1,0)",11. Simmering 
2000,20,15.805763410220191,NA,NA,NA,NA,NA,"ARIMA (0,1,0)",11. Simmering 
2001,16,19.650688815200866,NA,NA,NA,NA,NA,"ARIMA (0,1,0)",11. Simmering 
2002,10,18.25253412248062,NA,NA,NA,NA,NA,"ARIMA (0,1,0)",11. Simmering 
2003,19,16.15530208340025,NA,NA,NA,NA,NA,"ARIMA (0,1,0)",11. Simmering 
2004,17,19.301150142020806,NA,NA,NA,NA,NA,"ARIMA (0,1,0)",11. Simmering 
2005,23,18.602072795660682,NA,NA,NA,NA,NA,"ARIMA (0,1,0)",11. Simmering 
2006,23,20.69930483474105,NA,NA,NA,NA,NA,"ARIMA (0,1,0)",11. Simmering 
2007,25,20.69930483474105,NA,NA,NA,NA,NA,"ARIMA (0,1,0)",11. Simmering 
2008,20,21.398382181101173,NA,NA,NA,NA,NA,"ARIMA (0,1,0)",11. Simmering 
2009,13,19.650688815200866,NA,NA,NA,NA,NA,"ARIMA (0,1,0)",11. Simmering 
2010,17,17.203918102940435,NA,NA,NA,NA,NA,"ARIMA (0,1,0)",11. Simmering 
2011,16,18.602072795660682,NA,NA,NA,NA,NA,"ARIMA (0,1,0)",11. Simmering 
2012,15,18.252534122480622,NA,NA,NA,NA,NA,"ARIMA (0,1,0)",11. Simmering 
2013,19,17.90299544930056,NA,NA,NA,NA,NA,"ARIMA (0,1,0)",11. Simmering 
2014,28,19.301150142020806,NA,NA,NA,NA,NA,"ARIMA (0,1,0)",11. Simmering 
2015,27,22.446998200641357,NA,NA,NA,NA,NA,"ARIMA (0,1,0)",11. Simmering 
2016,28,22.097459527461297,NA,NA,NA,NA,NA,"ARIMA (0,1,0)",11. Simmering 
2017,25,22.446998200641357,NA,NA,NA,NA,NA,"ARIMA (0,1,0)",11. Simmering 
2018,29,21.398382181101173,NA,NA,NA,NA,NA,"ARIMA (0,1,0)",11. Simmering 
2019,30,22.79653687382142,NA,NA,NA,NA,NA,"ARIMA (0,1,0)",11. Simmering 
2020,NA,NA,23.14607554700148,14.496192337483878,31.795958756519084,9.91722076117959,36.37493033282337,"ARIMA (0,1,0)",11. Simmering 
2021,NA,NA,20.750363887624,11.587294395391167,29.913433379856833,6.736658411026815,34.764069364221186,"ARIMA (0,1,0)",11. Simmering 
2022,NA,NA,19.912970012883193,10.689157925626015,29.136782100140373,5.806366753804172,34.019573271962216,"ARIMA (0,1,0)",11. Simmering 
2023,NA,NA,19.62026846897718,10.38906241636922,28.85147452158514,5.502357115725365,33.73817982222899,"ARIMA (0,1,0)",11. Simmering 
2024,NA,NA,19.517957959682516,10.285848938422722,28.750066980942307,5.398665635048554,33.63725028431648,"ARIMA (0,1,0)",11. Simmering 
2025,NA,NA,19.482196480011282,10.249977142548287,28.714415817474276,5.362735441303693,33.60165751871887,"ARIMA (0,1,0)",11. Simmering 
2026,NA,NA,19.469696459856046,10.23746364434932,28.701929275362772,5.350214808259359,33.58917811145273,"ARIMA (0,1,0)",11. Simmering 
2027,NA,NA,19.465327219396258,10.233092757180104,28.697561681612413,5.34584304937483,33.58481138941769,"ARIMA (0,1,0)",11. Simmering 
2028,NA,NA,19.46380000088314,10.231565337476521,28.69603466428976,5.344315523167447,33.583284478598834,"ARIMA (0,1,0)",11. Simmering 
2029,NA,NA,19.46326617895041,10.231031490962886,28.695500866937934,5.343781663641467,33.58275069425935,"ARIMA (0,1,0)",11. Simmering 
1987,2,22.854314613840554,NA,NA,NA,NA,NA,ETS,11. Simmering 
1988,16,18.21407584988453,NA,NA,NA,NA,NA,ETS,11. Simmering 
1989,21,17.721427648530813,NA,NA,NA,NA,NA,ETS,11. Simmering 
1990,26,18.450934170199236,NA,NA,NA,NA,NA,ETS,11. Simmering 
1991,31,20.13065697786461,NA,NA,NA,NA,NA,ETS,11. Simmering 
1992,17,22.549165941787788,NA,NA,NA,NA,NA,ETS,11. Simmering 
1993,18,21.314435604804242,NA,NA,NA,NA,NA,ETS,11. Simmering 
1994,21,20.576949244842957,NA,NA,NA,NA,NA,ETS,11. Simmering 
1995,14,20.67108115708992,NA,NA,NA,NA,NA,ETS,11. Simmering 
1996,27,19.186716412631675,NA,NA,NA,NA,NA,ETS,11. Simmering 
1997,6,20.925229619477893,NA,NA,NA,NA,NA,ETS,11. Simmering 
1998,18,17.60425598291053,NA,NA,NA,NA,NA,ETS,11. Simmering 
1999,9,17.692311944600274,NA,NA,NA,NA,NA,ETS,11. Simmering 
2000,20,15.758208447045718,NA,NA,NA,NA,NA,ETS,11. Simmering 
2001,16,16.70203834302209,NA,NA,NA,NA,NA,ETS,11. Simmering 
2002,10,16.545829635452648,NA,NA,NA,NA,NA,ETS,11. Simmering 
2003,19,15.089334278059278,NA,NA,NA,NA,NA,ETS,11. Simmering 
2004,17,15.959486235188571,NA,NA,NA,NA,NA,ETS,11. Simmering 
2005,23,16.19100821974247,NA,NA,NA,NA,NA,ETS,11. Simmering 
2006,23,17.706059094693774,NA,NA,NA,NA,NA,ETS,11. Simmering 
2007,25,18.88399997924296,NA,NA,NA,NA,NA,ETS,11. Simmering 
2008,20,20.244855078160363,NA,NA,NA,NA,NA,ETS,11. Simmering 
2009,13,20.190373017911924,NA,NA,NA,NA,NA,ETS,11. Simmering 
2010,17,18.59046200559437,NA,NA,NA,NA,NA,ETS,11. Simmering 
2011,16,18.236572482605194,NA,NA,NA,NA,NA,ETS,11. Simmering 
2012,15,17.738918614599665,NA,NA,NA,NA,NA,ETS,11. Simmering 
2013,19,17.129489028342668,NA,NA,NA,NA,NA,ETS,11. Simmering 
2014,28,17.54569151112908,NA,NA,NA,NA,NA,ETS,11. Simmering 
2015,27,19.871852231281345,NA,NA,NA,NA,NA,ETS,11. Simmering 
2016,28,21.457917666856147,NA,NA,NA,NA,NA,ETS,11. Simmering 
2017,25,22.91357922185632,NA,NA,NA,NA,NA,ETS,11. Simmering 
2018,29,23.377823228525337,NA,NA,NA,NA,NA,ETS,11. Simmering 
2019,30,24.628799013435362,NA,NA,NA,NA,NA,ETS,11. Simmering 
2020,NA,NA,25.823930835716148,13.943278520841288,37.704583150591006,7.654041089530391,43.9938205819019,ETS,11. Simmering 
2021,NA,NA,25.823930835716148,13.615787359292774,38.03207431213952,7.153186579148276,44.49467509228402,ETS,11. Simmering 
2022,NA,NA,25.823930835716148,13.294845892245322,38.353015779186975,6.662348962098395,44.985512709333904,ETS,11. Simmering 
2023,NA,NA,25.823930835716148,12.97995062220922,38.66791104922308,6.1807582054201795,45.46710346601212,ETS,11. Simmering 
2024,NA,NA,25.823930835716148,12.670655009461216,38.97720666197108,5.707731385539763,45.940130285892536,ETS,11. Simmering 
2025,NA,NA,25.823930835716148,12.3665608660478,39.2813008053845,5.242659526533782,46.40520214489851,ETS,11. Simmering 
2026,NA,NA,25.823930835716148,12.067311349542578,39.58055032188972,4.784996885005956,46.86286478642634,ETS,11. Simmering 
2027,NA,NA,25.823930835716148,11.772585207765736,39.87527646366656,4.334252148145072,47.31360952328723,ETS,11. Simmering 
2028,NA,NA,25.823930835716148,11.482092012092815,40.16576965933948,3.8899811436998313,47.75788052773247,ETS,11. Simmering 
2029,NA,NA,25.823930835716148,11.19556817960402,40.45229349182827,3.4517807563812113,48.196080915051084,ETS,11. Simmering 
1987,2,1.998000001370567,NA,NA,NA,NA,NA,"ARIMA (0,1,0) mit Drift",11. Simmering 
1988,16,4.041469714643705,NA,NA,NA,NA,NA,"ARIMA (0,1,0) mit Drift",11. Simmering 
1989,21,8.720327238181381,NA,NA,NA,NA,NA,"ARIMA (0,1,0) mit Drift",11. Simmering 
1990,26,18.400116870690784,NA,NA,NA,NA,NA,"ARIMA (0,1,0) mit Drift",11. Simmering 
1991,31,23.400116870690788,NA,NA,NA,NA,NA,"ARIMA (0,1,0) mit Drift",11. Simmering 
1992,17,28.400116870690788,NA,NA,NA,NA,NA,"ARIMA (0,1,0) mit Drift",11. Simmering 
1993,18,24.2796727620658,NA,NA,NA,NA,NA,"ARIMA (0,1,0) mit Drift",11. Simmering 
1994,21,17.480023374138156,NA,NA,NA,NA,NA,"ARIMA (0,1,0) mit Drift",11. Simmering 
1995,14,19.440070122414472,NA,NA,NA,NA,NA,"ARIMA (0,1,0) mit Drift",11. Simmering 
1996,27,17.6398363810329,NA,NA,NA,NA,NA,"ARIMA (0,1,0) mit Drift",11. Simmering 
1997,6,20.240303863796044,NA,NA,NA,NA,NA,"ARIMA (0,1,0) mit Drift",11. Simmering 
1998,18,16.9195091430987,NA,NA,NA,NA,NA,"ARIMA (0,1,0) mit Drift",11. Simmering 
1999,9,11.760280489657886,NA,NA,NA,NA,NA,"ARIMA (0,1,0) mit Drift",11. Simmering 
2000,20,13.679789632756586,NA,NA,NA,NA,NA,"ARIMA (0,1,0) mit Drift",11. Simmering 
2001,16,14.280257115519728,NA,NA,NA,NA,NA,"ARIMA (0,1,0) mit Drift",11. Simmering 
2002,10,18.079906503447372,NA,NA,NA,NA,NA,"ARIMA (0,1,0) mit Drift",11. Simmering 
2003,19,13.119859755171056,NA,NA,NA,NA,NA,"ARIMA (0,1,0) mit Drift",11. Simmering 
2004,17,14.320210367243412,NA,NA,NA,NA,NA,"ARIMA (0,1,0) mit Drift",11. Simmering 
2005,23,18.039953251723684,NA,NA,NA,NA,NA,"ARIMA (0,1,0) mit Drift",11. Simmering 
2006,23,19.880140244828944,NA,NA,NA,NA,NA,"ARIMA (0,1,0) mit Drift",11. Simmering 
2007,25,23,NA,NA,NA,NA,NA,"ARIMA (0,1,0) mit Drift",11. Simmering 
2008,20,23.960046748276312,NA,NA,NA,NA,NA,"ARIMA (0,1,0) mit Drift",11. Simmering 
2009,13,22.599883129309212,NA,NA,NA,NA,NA,"ARIMA (0,1,0) mit Drift",11. Simmering 
2010,17,16.6398363810329,NA,NA,NA,NA,NA,"ARIMA (0,1,0) mit Drift",11. Simmering 
2011,16,14.920093496552628,NA,NA,NA,NA,NA,"ARIMA (0,1,0) mit Drift",11. Simmering 
2012,15,16.519976625861844,NA,NA,NA,NA,NA,"ARIMA (0,1,0) mit Drift",11. Simmering 
2013,19,15.519976625861844,NA,NA,NA,NA,NA,"ARIMA (0,1,0) mit Drift",11. Simmering 
2014,28,16.920093496552628,NA,NA,NA,NA,NA,"ARIMA (0,1,0) mit Drift",11. Simmering 
2015,27,23.320210367243412,NA,NA,NA,NA,NA,"ARIMA (0,1,0) mit Drift",11. Simmering 
2016,28,27.519976625861844,NA,NA,NA,NA,NA,"ARIMA (0,1,0) mit Drift",11. Simmering 
2017,25,27.480023374138156,NA,NA,NA,NA,NA,"ARIMA (0,1,0) mit Drift",11. Simmering 
2018,29,26.559929877585528,NA,NA,NA,NA,NA,"ARIMA (0,1,0) mit Drift",11. Simmering 
2019,30,26.92009349655263,NA,NA,NA,NA,NA,"ARIMA (0,1,0) mit Drift",11. Simmering 
2020,NA,NA,29.480023374138156,20.899018842651792,38.06102790562452,16.356509435983668,42.603537312292644,"ARIMA (0,1,0) mit Drift",11. Simmering 
2021,NA,NA,29.750399065580822,20.2319705471741,39.268827583987544,15.193218857566118,44.30757927359553,"ARIMA (0,1,0) mit Drift",11. Simmering 
2022,NA,NA,29.6098100258294,18.11792193159361,41.101698120065194,12.034483847287966,47.185136204370835,"ARIMA (0,1,0) mit Drift",11. Simmering 
2023,NA,NA,29.6829130403525,17.05573973605169,42.31008634465331,10.37131796422453,48.99450811648047,"ARIMA (0,1,0) mit Drift",11. Simmering 
2024,NA,NA,29.64490118152045,15.724195667091369,43.565606695949526,8.355019306127765,50.93478305691313,"ARIMA (0,1,0) mit Drift",11. Simmering 
2025,NA,NA,29.664666459618676,14.684343005244326,44.64498991399303,6.754238789970177,52.57509412926717,"ARIMA (0,1,0) mit Drift",11. Simmering 
2026,NA,NA,29.65438897700394,13.625038697879827,45.68373925612805,5.1396132260106135,54.16916472799727,"ARIMA (0,1,0) mit Drift",11. Simmering 
2027,NA,NA,29.659733027736305,12.6752745313362,46.64419152413641,3.6842453104603727,55.635220745012234,"ARIMA (0,1,0) mit Drift",11. Simmering 
2028,NA,NA,29.656954246268054,11.753862335419715,47.56004615711639,2.2765379598100743,57.03737053272603,"ARIMA (0,1,0) mit Drift",11. Simmering 
2029,NA,NA,29.658399147679923,10.888738527959003,48.42805976740084,0.9526803878892558,58.364117907470586,"ARIMA (0,1,0) mit Drift",11. Simmering 
1987,2,1.9991055730822682,NA,NA,NA,NA,NA,"ARIMA (0, 1, 2) mit Drift",11. Simmering 
1988,16,15.971378445788536,NA,NA,NA,NA,NA,"ARIMA (0, 1, 2) mit Drift",11. Simmering 
1989,21,26.148918138835406,NA,NA,NA,NA,NA,"ARIMA (0, 1, 2) mit Drift",11. Simmering 
1990,26,32.446140310794995,NA,NA,NA,NA,NA,"ARIMA (0, 1, 2) mit Drift",11. Simmering 
1991,31,34.59656550903583,NA,NA,NA,NA,NA,"ARIMA (0, 1, 2) mit Drift",11. Simmering 
1992,17,35.99999999998964,NA,NA,NA,NA,NA,"ARIMA (0, 1, 2) mit Drift",11. Simmering 
1993,18,23.777939301545796,NA,NA,NA,NA,NA,"ARIMA (0, 1, 2) mit Drift",11. Simmering 
1994,21,10.189113122995941,NA,NA,NA,NA,NA,"ARIMA (0, 1, 2) mit Drift",11. Simmering 
1995,14,15.818572641660985,NA,NA,NA,NA,NA,"ARIMA (0, 1, 2) mit Drift",11. Simmering 
1996,27,17.13652074674094,NA,NA,NA,NA,NA,"ARIMA (0, 1, 2) mit Drift",11. Simmering 
1997,6,22.12466884768338,NA,NA,NA,NA,NA,"ARIMA (0, 1, 2) mit Drift",11. Simmering 
1998,18,14.189207788355631,NA,NA,NA,NA,NA,"ARIMA (0, 1, 2) mit Drift",11. Simmering 
1999,9,7.499025427076241,NA,NA,NA,NA,NA,"ARIMA (0, 1, 2) mit Drift",11. Simmering 
2000,20,9.777683930562736,NA,NA,NA,NA,NA,"ARIMA (0, 1, 2) mit Drift",11. Simmering 
2001,16,17.520471139819684,NA,NA,NA,NA,NA,"ARIMA (0, 1, 2) mit Drift",11. Simmering 
2002,10,20.411268486809846,NA,NA,NA,NA,NA,"ARIMA (0, 1, 2) mit Drift",11. Simmering 
2003,19,12.181427358339022,NA,NA,NA,NA,NA,"ARIMA (0, 1, 2) mit Drift",11. Simmering 
2004,17,12.395600489694385,NA,NA,NA,NA,NA,"ARIMA (0, 1, 2) mit Drift",11. Simmering 
2005,23,21.035057426929143,NA,NA,NA,NA,NA,"ARIMA (0, 1, 2) mit Drift",11. Simmering 
2006,23,24.64719627043281,NA,NA,NA,NA,NA,"ARIMA (0, 1, 2) mit Drift",11. Simmering 
2007,25,26.364507394723944,NA,NA,NA,NA,NA,"ARIMA (0, 1, 2) mit Drift",11. Simmering 
2008,20,27.21055883573939,NA,NA,NA,NA,NA,"ARIMA (0, 1, 2) mit Drift",11. Simmering 
2009,13,21.855793488602124,NA,NA,NA,NA,NA,"ARIMA (0, 1, 2) mit Drift",11. Simmering 
2010,17,10.984480236785332,NA,NA,NA,NA,NA,"ARIMA (0, 1, 2) mit Drift",11. Simmering 
2011,16,9.769903500546121,NA,NA,NA,NA,NA,"ARIMA (0, 1, 2) mit Drift",11. Simmering 
2012,15,16.072076471428367,NA,NA,NA,NA,NA,"ARIMA (0, 1, 2) mit Drift",11. Simmering 
2013,19,15.998091950971046,NA,NA,NA,NA,NA,"ARIMA (0, 1, 2) mit Drift",11. Simmering 
2014,28,17.532121236435323,NA,NA,NA,NA,NA,"ARIMA (0, 1, 2) mit Drift",11. Simmering 
2015,27,29.534029285464282,NA,NA,NA,NA,NA,"ARIMA (0, 1, 2) mit Drift",11. Simmering 
2016,28,34.93766557615831,NA,NA,NA,NA,NA,"ARIMA (0, 1, 2) mit Drift",11. Simmering 
2017,25,30.809032396516226,NA,NA,NA,NA,NA,"ARIMA (0, 1, 2) mit Drift",11. Simmering 
2018,29,25.575066230463335,NA,NA,NA,NA,NA,"ARIMA (0, 1, 2) mit Drift",11. Simmering 
2019,30,26.9434432917863,NA,NA,NA,NA,NA,"ARIMA (0, 1, 2) mit Drift",11. Simmering 
2020,NA,NA,31.483398526779336,21.684325391264238,41.282471662294434,16.497009415450858,46.46978763810782,"ARIMA (0, 1, 2) mit Drift",11. Simmering 
2021,NA,NA,33.63701931635826,20.411519498257938,46.86251913445859,13.41036280253924,53.863675830177286,"ARIMA (0, 1, 2) mit Drift",11. Simmering 
2022,NA,NA,34.864526349317345,14.284302804755274,55.44474989387942,3.3897905481217556,66.33926215051294,"ARIMA (0, 1, 2) mit Drift",11. Simmering 
2023,NA,NA,36.83697578903748,9.228538932199978,64.44541264587498,-5.386484712807231,79.0604362908822,"ARIMA (0, 1, 2) mit Drift",11. Simmering 
2024,NA,NA,38.36486636411324,2.705698943553436,74.02403378467304,-16.17112402600494,92.90085675423143,"ARIMA (0, 1, 2) mit Drift",11. Simmering 
2025,NA,NA,40.08122304884043,-4.5017946512687175,84.66424074894957,-28.10261860344039,108.26506470112125,"ARIMA (0, 1, 2) mit Drift",11. Simmering 
2026,NA,NA,41.769131663680426,-12.141982282060766,95.68024560942162,-40.68080210483356,124.21906543219441,"ARIMA (0, 1, 2) mit Drift",11. Simmering 
2027,NA,NA,43.41283587461547,-20.620094080966282,107.44576583019722,-54.51707963696478,141.34275138619572,"ARIMA (0, 1, 2) mit Drift",11. Simmering 
2028,NA,NA,45.11624932171655,-29.49375203841845,119.72625068185155,-68.98990097603344,159.22239961946656,"ARIMA (0, 1, 2) mit Drift",11. Simmering 
2029,NA,NA,46.772031088661436,-38.997636794801934,132.5416989721248,-84.40135634043727,177.94541851776015,"ARIMA (0, 1, 2) mit Drift",11. Simmering 
1987,8,7.994944889462835,NA,NA,NA,NA,NA,"ARIMA (0,1,0)",21. Floridsdorf 
1988,15,12.164844419333152,NA,NA,NA,NA,NA,"ARIMA (0,1,0)",21. Floridsdorf 
1989,16,15.923653448753623,NA,NA,NA,NA,NA,"ARIMA (0,1,0)",21. Floridsdorf 
1990,20,19.687447890433475,NA,NA,NA,NA,NA,"ARIMA (0,1,0)",21. Floridsdorf 
1991,21,23.210860191010017,NA,NA,NA,NA,NA,"ARIMA (0,1,0)",21. Floridsdorf 
1992,16,22.564941620300083,NA,NA,NA,NA,NA,"ARIMA (0,1,0)",21. Floridsdorf 
1993,16,22.713577186665667,NA,NA,NA,NA,NA,"ARIMA (0,1,0)",21. Floridsdorf 
1994,20,17.742898948843166,NA,NA,NA,NA,NA,"ARIMA (0,1,0)",21. Floridsdorf 
1995,14,22.845209496442138,NA,NA,NA,NA,NA,"ARIMA (0,1,0)",21. Floridsdorf 
1996,16,19.32407702438593,NA,NA,NA,NA,NA,"ARIMA (0,1,0)",21. Floridsdorf 
1997,13,18.454613568946254,NA,NA,NA,NA,NA,"ARIMA (0,1,0)",21. Floridsdorf 
1998,16,16.527524072867315,NA,NA,NA,NA,NA,"ARIMA (0,1,0)",21. Floridsdorf 
1999,17,20.182302611694286,NA,NA,NA,NA,NA,"ARIMA (0,1,0)",21. Floridsdorf 
2000,27,18.193597493647477,NA,NA,NA,NA,NA,"ARIMA (0,1,0)",21. Floridsdorf 
2001,22,30.746783234382875,NA,NA,NA,NA,NA,"ARIMA (0,1,0)",21. Floridsdorf 
2002,28,24.5220013984625,NA,NA,NA,NA,NA,"ARIMA (0,1,0)",21. Floridsdorf 
2003,47,32.71049773145331,NA,NA,NA,NA,NA,"ARIMA (0,1,0)",21. Floridsdorf 
2004,41,43.65975166847246,NA,NA,NA,NA,NA,"ARIMA (0,1,0)",21. Floridsdorf 
2005,36,48.74991099428716,NA,NA,NA,NA,NA,"ARIMA (0,1,0)",21. Floridsdorf 
2006,36,40.534846674623005,NA,NA,NA,NA,NA,"ARIMA (0,1,0)",21. Floridsdorf 
2007,32,36.37832378511441,NA,NA,NA,NA,NA,"ARIMA (0,1,0)",21. Floridsdorf 
2008,56,39.73367908787884,NA,NA,NA,NA,NA,"ARIMA (0,1,0)",21. Floridsdorf 
2009,34,51.73043676750049,NA,NA,NA,NA,NA,"ARIMA (0,1,0)",21. Floridsdorf 
2010,42,42.78627998741767,NA,NA,NA,NA,NA,"ARIMA (0,1,0)",21. Floridsdorf 
2011,38,47.73651106679094,NA,NA,NA,NA,NA,"ARIMA (0,1,0)",21. Floridsdorf 
2012,47,33.02872187998149,NA,NA,NA,NA,NA,"ARIMA (0,1,0)",21. Floridsdorf 
2013,70,60.04071107848652,NA,NA,NA,NA,NA,"ARIMA (0,1,0)",21. Floridsdorf 
2014,47,58.266628869209484,NA,NA,NA,NA,NA,"ARIMA (0,1,0)",21. Floridsdorf 
2015,73,63.249460395462066,NA,NA,NA,NA,NA,"ARIMA (0,1,0)",21. Floridsdorf 
2016,93,69.91379582684311,NA,NA,NA,NA,NA,"ARIMA (0,1,0)",21. Floridsdorf 
2017,100,85.50466839804746,NA,NA,NA,NA,NA,"ARIMA (0,1,0)",21. Floridsdorf 
2018,126,115.95105675629266,NA,NA,NA,NA,NA,"ARIMA (0,1,0)",21. Floridsdorf 
2019,93,111.83266260175768,NA,NA,NA,NA,NA,"ARIMA (0,1,0)",21. Floridsdorf 
2020,NA,NA,111.85667340720717,97.8940761846039,125.81927062981043,90.50272369289192,133.21062312152242,"ARIMA (0,1,0)",21. Floridsdorf 
2021,NA,NA,111.03185682783726,93.14044105360242,128.9232726020721,83.66929765135151,138.394416004323,"ARIMA (0,1,0)",21. Floridsdorf 
2022,NA,NA,104.8125223375724,83.48162325330067,126.14342142184414,72.18972737007954,137.43531730506527,"ARIMA (0,1,0)",21. Floridsdorf 
2023,NA,NA,126.10184541369372,100.81349089910137,151.39019992828608,87.42664465747652,164.77704616991093,"ARIMA (0,1,0)",21. Floridsdorf 
2024,NA,NA,108.31617742056554,81.11923257606676,135.5131222650643,66.72203964423056,149.9103151969005,"ARIMA (0,1,0)",21. Floridsdorf 
2025,NA,NA,127.0440103477748,96.51307412088065,157.57494657466896,80.35097276128278,173.73704793426683,"ARIMA (0,1,0)",21. Floridsdorf 
2026,NA,NA,124.44559220464436,91.96670764319373,156.92447676609498,74.77342472426233,174.11775968502639,"ARIMA (0,1,0)",21. Floridsdorf 
2027,NA,NA,121.20170566370335,86.6202157889841,155.7831955384226,68.31388085161043,174.08953047579627,"ARIMA (0,1,0)",21. Floridsdorf 
2028,NA,NA,139.40336004397483,102.36358987590495,176.4431302120447,82.75591995894959,196.05080012900007,"ARIMA (0,1,0)",21. Floridsdorf 
2029,NA,NA,123.73575186783837,85.29989096941839,162.17161276625836,64.9531752622053,182.51832847347146,"ARIMA (0,1,0)",21. Floridsdorf 
1987,8,9.143915204768707,NA,NA,NA,NA,NA,ETS,21. Floridsdorf 
1988,15,10.773276755270977,NA,NA,NA,NA,NA,ETS,21. Floridsdorf 
1989,16,16.005987802798924,NA,NA,NA,NA,NA,ETS,21. Floridsdorf 
1990,20,18.399157275936943,NA,NA,NA,NA,NA,ETS,21. Floridsdorf 
1991,21,21.870439275289044,NA,NA,NA,NA,NA,ETS,21. Floridsdorf 
1992,16,23.683759060808462,NA,NA,NA,NA,NA,ETS,21. Floridsdorf 
1993,16,20.925551702502222,NA,NA,NA,NA,NA,ETS,21. Floridsdorf 
1994,20,20.017212575375815,NA,NA,NA,NA,NA,ETS,21. Floridsdorf 
1995,14,22.40166207243164,NA,NA,NA,NA,NA,ETS,21. Floridsdorf 
1996,16,19.160510322627058,NA,NA,NA,NA,NA,ETS,21. Floridsdorf 
1997,13,19.435102279186804,NA,NA,NA,NA,NA,ETS,21. Floridsdorf 
1998,16,17.512269918145282,NA,NA,NA,NA,NA,ETS,21. Floridsdorf 
1999,17,18.891799533777554,NA,NA,NA,NA,NA,ETS,21. Floridsdorf 
2000,27,20.01653010196089,NA,NA,NA,NA,NA,ETS,21. Floridsdorf 
2001,22,27.095989736746994,NA,NA,NA,NA,NA,ETS,21. Floridsdorf 
2002,28,26.07135781525013,NA,NA,NA,NA,NA,ETS,21. Floridsdorf 
2003,47,29.7594375340257,NA,NA,NA,NA,NA,ETS,21. Floridsdorf 
2004,41,43.72134009199394,NA,NA,NA,NA,NA,ETS,21. Floridsdorf 
2005,36,44.29140190284124,NA,NA,NA,NA,NA,ETS,21. Floridsdorf 
2006,36,41.12392327284296,NA,NA,NA,NA,NA,ETS,21. Floridsdorf 
2007,32,40.080855255296505,NA,NA,NA,NA,NA,ETS,21. Floridsdorf 
2008,56,37.05330252612149,NA,NA,NA,NA,NA,ETS,21. Floridsdorf 
2009,34,52.159249393674365,NA,NA,NA,NA,NA,ETS,21. Floridsdorf 
2010,42,42.37062097214509,NA,NA,NA,NA,NA,ETS,21. Floridsdorf 
2011,38,44.51556936244022,NA,NA,NA,NA,NA,ETS,21. Floridsdorf 
2012,47,42.537488620568276,NA,NA,NA,NA,NA,ETS,21. Floridsdorf 
2013,70,47.92456908306402,NA,NA,NA,NA,NA,ETS,21. Floridsdorf 
2014,47,65.12959583784004,NA,NA,NA,NA,NA,ETS,21. Floridsdorf 
2015,73,55.36101292715383,NA,NA,NA,NA,NA,ETS,21. Floridsdorf 
2016,93,69.58977420409464,NA,NA,NA,NA,NA,ETS,21. Floridsdorf 
2017,100,87.69254880440131,NA,NA,NA,NA,NA,ETS,21. Floridsdorf 
2018,126,98.34818775074098,NA,NA,NA,NA,NA,ETS,21. Floridsdorf 
2019,93,119.30045389375374,NA,NA,NA,NA,NA,ETS,21. Floridsdorf 
2020,NA,NA,104.05587069299038,66.54553096971982,141.56621041626096,46.688756577507824,161.42298480847293,ETS,21. Floridsdorf 
2021,NA,NA,106.4551133210698,60.02028467113383,152.88994197100578,35.43917121694713,177.47105542519247,ETS,21. Floridsdorf 
2022,NA,NA,108.85435594914922,54.41822627015794,163.29048562814052,25.60147990647883,192.10723199181962,ETS,21. Floridsdorf 
2023,NA,NA,111.25359857722864,49.35791170395424,173.14928545050304,16.592314293725153,205.91488286073212,ETS,21. Floridsdorf 
2024,NA,NA,113.65284120530805,44.64271518189746,182.66296722871863,8.11096118194989,219.1947212286662,ETS,21. Floridsdorf 
2025,NA,NA,116.05208383338748,40.15602558470694,191.94814208206805,-0.020920745834800414,232.12508841260978,ETS,21. Floridsdorf 
2026,NA,NA,118.45132646146689,35.82215603473172,201.08049688820205,-7.919084580090853,244.82173750302462,ETS,21. Floridsdorf 
2027,NA,NA,120.85056908954631,31.588745521089947,210.11239265800268,-15.663609576528117,257.3647477556207,ETS,21. Floridsdorf 
2028,NA,NA,123.24981171762573,27.417787893378815,219.08183554187264,-23.31262112626092,269.8122445615124,ETS,21. Floridsdorf 
2029,NA,NA,125.64905434570515,23.280632291662187,228.01747639974812,-30.90993693831534,282.20804562972563,ETS,21. Floridsdorf 
1987,8,7.994944889462835,NA,NA,NA,NA,NA,"ARIMA (0,1,0) mit Drift",21. Floridsdorf 
1988,15,12.164844419333152,NA,NA,NA,NA,NA,"ARIMA (0,1,0) mit Drift",21. Floridsdorf 
1989,16,15.923653448753623,NA,NA,NA,NA,NA,"ARIMA (0,1,0) mit Drift",21. Floridsdorf 
1990,20,19.687447890433475,NA,NA,NA,NA,NA,"ARIMA (0,1,0) mit Drift",21. Floridsdorf 
1991,21,23.210860191010017,NA,NA,NA,NA,NA,"ARIMA (0,1,0) mit Drift",21. Floridsdorf 
1992,16,22.564941620300083,NA,NA,NA,NA,NA,"ARIMA (0,1,0) mit Drift",21. Floridsdorf 
1993,16,22.713577186665667,NA,NA,NA,NA,NA,"ARIMA (0,1,0) mit Drift",21. Floridsdorf 
1994,20,17.742898948843166,NA,NA,NA,NA,NA,"ARIMA (0,1,0) mit Drift",21. Floridsdorf 
1995,14,22.845209496442138,NA,NA,NA,NA,NA,"ARIMA (0,1,0) mit Drift",21. Floridsdorf 
1996,16,19.32407702438593,NA,NA,NA,NA,NA,"ARIMA (0,1,0) mit Drift",21. Floridsdorf 
1997,13,18.454613568946254,NA,NA,NA,NA,NA,"ARIMA (0,1,0) mit Drift",21. Floridsdorf 
1998,16,16.527524072867315,NA,NA,NA,NA,NA,"ARIMA (0,1,0) mit Drift",21. Floridsdorf 
1999,17,20.182302611694286,NA,NA,NA,NA,NA,"ARIMA (0,1,0) mit Drift",21. Floridsdorf 
2000,27,18.193597493647477,NA,NA,NA,NA,NA,"ARIMA (0,1,0) mit Drift",21. Floridsdorf 
2001,22,30.746783234382875,NA,NA,NA,NA,NA,"ARIMA (0,1,0) mit Drift",21. Floridsdorf 
2002,28,24.5220013984625,NA,NA,NA,NA,NA,"ARIMA (0,1,0) mit Drift",21. Floridsdorf 
2003,47,32.71049773145331,NA,NA,NA,NA,NA,"ARIMA (0,1,0) mit Drift",21. Floridsdorf 
2004,41,43.65975166847246,NA,NA,NA,NA,NA,"ARIMA (0,1,0) mit Drift",21. Floridsdorf 
2005,36,48.74991099428716,NA,NA,NA,NA,NA,"ARIMA (0,1,0) mit Drift",21. Floridsdorf 
2006,36,40.534846674623005,NA,NA,NA,NA,NA,"ARIMA (0,1,0) mit Drift",21. Floridsdorf 
2007,32,36.37832378511441,NA,NA,NA,NA,NA,"ARIMA (0,1,0) mit Drift",21. Floridsdorf 
2008,56,39.73367908787884,NA,NA,NA,NA,NA,"ARIMA (0,1,0) mit Drift",21. Floridsdorf 
2009,34,51.73043676750049,NA,NA,NA,NA,NA,"ARIMA (0,1,0) mit Drift",21. Floridsdorf 
2010,42,42.78627998741767,NA,NA,NA,NA,NA,"ARIMA (0,1,0) mit Drift",21. Floridsdorf 
2011,38,47.73651106679094,NA,NA,NA,NA,NA,"ARIMA (0,1,0) mit Drift",21. Floridsdorf 
2012,47,33.02872187998149,NA,NA,NA,NA,NA,"ARIMA (0,1,0) mit Drift",21. Floridsdorf 
2013,70,60.04071107848652,NA,NA,NA,NA,NA,"ARIMA (0,1,0) mit Drift",21. Floridsdorf 
2014,47,58.266628869209484,NA,NA,NA,NA,NA,"ARIMA (0,1,0) mit Drift",21. Floridsdorf 
2015,73,63.249460395462066,NA,NA,NA,NA,NA,"ARIMA (0,1,0) mit Drift",21. Floridsdorf 
2016,93,69.91379582684311,NA,NA,NA,NA,NA,"ARIMA (0,1,0) mit Drift",21. Floridsdorf 
2017,100,85.50466839804746,NA,NA,NA,NA,NA,"ARIMA (0,1,0) mit Drift",21. Floridsdorf 
2018,126,115.95105675629266,NA,NA,NA,NA,NA,"ARIMA (0,1,0) mit Drift",21. Floridsdorf 
2019,93,111.83266260175768,NA,NA,NA,NA,NA,"ARIMA (0,1,0) mit Drift",21. Floridsdorf 
2020,NA,NA,111.85667340720717,97.8940761846039,125.81927062981043,90.50272369289192,133.21062312152242,"ARIMA (0,1,0) mit Drift",21. Floridsdorf 
2021,NA,NA,111.03185682783726,93.14044105360242,128.9232726020721,83.66929765135151,138.394416004323,"ARIMA (0,1,0) mit Drift",21. Floridsdorf 
2022,NA,NA,104.8125223375724,83.48162325330067,126.14342142184414,72.18972737007954,137.43531730506527,"ARIMA (0,1,0) mit Drift",21. Floridsdorf 
2023,NA,NA,126.10184541369372,100.81349089910137,151.39019992828608,87.42664465747652,164.77704616991093,"ARIMA (0,1,0) mit Drift",21. Floridsdorf 
2024,NA,NA,108.31617742056554,81.11923257606676,135.5131222650643,66.72203964423056,149.9103151969005,"ARIMA (0,1,0) mit Drift",21. Floridsdorf 
2025,NA,NA,127.0440103477748,96.51307412088065,157.57494657466896,80.35097276128278,173.73704793426683,"ARIMA (0,1,0) mit Drift",21. Floridsdorf 
2026,NA,NA,124.44559220464436,91.96670764319373,156.92447676609498,74.77342472426233,174.11775968502639,"ARIMA (0,1,0) mit Drift",21. Floridsdorf 
2027,NA,NA,121.20170566370335,86.6202157889841,155.7831955384226,68.31388085161043,174.08953047579627,"ARIMA (0,1,0) mit Drift",21. Floridsdorf 
2028,NA,NA,139.40336004397483,102.36358987590495,176.4431302120447,82.75591995894959,196.05080012900007,"ARIMA (0,1,0) mit Drift",21. Floridsdorf 
2029,NA,NA,123.73575186783837,85.29989096941839,162.17161276625836,64.9531752622053,182.51832847347146,"ARIMA (0,1,0) mit Drift",21. Floridsdorf 
1987,8,7.996422292537412,NA,NA,NA,NA,NA,"ARIMA (0, 1, 2) mit Drift",21. Floridsdorf 
1988,15,14.99508067115538,NA,NA,NA,NA,NA,"ARIMA (0, 1, 2) mit Drift",21. Floridsdorf 
1989,16,19.14590852892255,NA,NA,NA,NA,NA,"ARIMA (0, 1, 2) mit Drift",21. Floridsdorf 
1990,20,21.160242325896753,NA,NA,NA,NA,NA,"ARIMA (0, 1, 2) mit Drift",21. Floridsdorf 
1991,21,23.054508424443263,NA,NA,NA,NA,NA,"ARIMA (0, 1, 2) mit Drift",21. Floridsdorf 
1992,16,24.304074624691317,NA,NA,NA,NA,NA,"ARIMA (0, 1, 2) mit Drift",21. Floridsdorf 
1993,16,20.59312109114186,NA,NA,NA,NA,NA,"ARIMA (0, 1, 2) mit Drift",21. Floridsdorf 
1994,20,17.613773163323696,NA,NA,NA,NA,NA,"ARIMA (0, 1, 2) mit Drift",21. Floridsdorf 
1995,14,19.71144314935787,NA,NA,NA,NA,NA,"ARIMA (0, 1, 2) mit Drift",21. Floridsdorf 
1996,16,17.919880408013373,NA,NA,NA,NA,NA,"ARIMA (0, 1, 2) mit Drift",21. Floridsdorf 
1997,13,15.703972763801364,NA,NA,NA,NA,NA,"ARIMA (0, 1, 2) mit Drift",21. Floridsdorf 
1998,16,14.913369583137145,NA,NA,NA,NA,NA,"ARIMA (0, 1, 2) mit Drift",21. Floridsdorf 
1999,17,15.095817399082367,NA,NA,NA,NA,NA,"ARIMA (0, 1, 2) mit Drift",21. Floridsdorf 
2000,27,17.39266894135249,NA,NA,NA,NA,NA,"ARIMA (0, 1, 2) mit Drift",21. Floridsdorf 
2001,22,23.819873626056054,NA,NA,NA,NA,NA,"ARIMA (0, 1, 2) mit Drift",21. Floridsdorf 
2002,28,26.06406374650461,NA,NA,NA,NA,NA,"ARIMA (0, 1, 2) mit Drift",21. Floridsdorf 
2003,47,26.97241521064029,NA,NA,NA,NA,NA,"ARIMA (0, 1, 2) mit Drift",21. Floridsdorf 
2004,41,41.29731059168115,NA,NA,NA,NA,NA,"ARIMA (0, 1, 2) mit Drift",21. Floridsdorf 
2005,36,47.523838790637356,NA,NA,NA,NA,NA,"ARIMA (0, 1, 2) mit Drift",21. Floridsdorf 
2006,36,41.036954872594485,NA,NA,NA,NA,NA,"ARIMA (0, 1, 2) mit Drift",21. Floridsdorf 
2007,32,38.129859382627075,NA,NA,NA,NA,NA,"ARIMA (0, 1, 2) mit Drift",21. Floridsdorf 
2008,56,35.658828018116154,NA,NA,NA,NA,NA,"ARIMA (0, 1, 2) mit Drift",21. Floridsdorf 
2009,34,47.5018789774695,NA,NA,NA,NA,NA,"ARIMA (0, 1, 2) mit Drift",21. Floridsdorf 
2010,42,47.045783627474705,NA,NA,NA,NA,NA,"ARIMA (0, 1, 2) mit Drift",21. Floridsdorf 
2011,38,39.85356288995119,NA,NA,NA,NA,NA,"ARIMA (0, 1, 2) mit Drift",21. Floridsdorf 
2012,47,41.62338821862643,NA,NA,NA,NA,NA,"ARIMA (0, 1, 2) mit Drift",21. Floridsdorf 
2013,70,44.689058838285916,NA,NA,NA,NA,NA,"ARIMA (0, 1, 2) mit Drift",21. Floridsdorf 
2014,47,62.812465159569165,NA,NA,NA,NA,NA,"ARIMA (0, 1, 2) mit Drift",21. Floridsdorf 
2015,73,61.21346221172948,NA,NA,NA,NA,NA,"ARIMA (0, 1, 2) mit Drift",21. Floridsdorf 
2016,93,64.0453705129728,NA,NA,NA,NA,NA,"ARIMA (0, 1, 2) mit Drift",21. Floridsdorf 
2017,100,89.32581175805345,NA,NA,NA,NA,NA,"ARIMA (0, 1, 2) mit Drift",21. Floridsdorf 
2018,126,103.59611113139552,NA,NA,NA,NA,NA,"ARIMA (0, 1, 2) mit Drift",21. Floridsdorf 
2019,93,122.00995971763989,NA,NA,NA,NA,NA,"ARIMA (0, 1, 2) mit Drift",21. Floridsdorf 
2020,NA,NA,115.7605242221502,99.20537035705371,132.31567808724668,90.44160128023996,141.0794471640604,"ARIMA (0, 1, 2) mit Drift",21. Floridsdorf 
2021,NA,NA,111.05341518996931,91.85395328350285,130.25287709643578,81.69037208586148,140.41645829407713,"ARIMA (0, 1, 2) mit Drift",21. Floridsdorf 
2022,NA,NA,119.87686181735538,95.87001742605028,143.88370620866047,83.16156166521503,156.59216196949572,"ARIMA (0, 1, 2) mit Drift",21. Floridsdorf 
2023,NA,NA,122.0351569640338,94.53038696797921,149.5399269600884,79.97024124414526,164.10007268392235,"ARIMA (0, 1, 2) mit Drift",21. Floridsdorf 
2024,NA,NA,127.47670561326655,96.03654090674087,158.91687031979222,79.39312306416227,175.56028816237082,"ARIMA (0, 1, 2) mit Drift",21. Floridsdorf 
2025,NA,NA,131.30092364469752,96.17693919430673,166.4249080950883,77.58342497576476,185.01842231363028,"ARIMA (0, 1, 2) mit Drift",21. Floridsdorf 
2026,NA,NA,135.92183871010533,97.0013505964231,174.84232682378757,76.39808873823452,195.44558868197615,"ARIMA (0, 1, 2) mit Drift",21. Floridsdorf 
2027,NA,NA,140.15030083054253,97.4607079065481,182.83989375453697,74.86220248535494,205.43839917573013,"ARIMA (0, 1, 2) mit Drift",21. Floridsdorf 
2028,NA,NA,144.57208526479243,98.05618626257781,191.08798426700707,73.432156756258,215.71201377332687,"ARIMA (0, 1, 2) mit Drift",21. Floridsdorf 
2029,NA,NA,148.89863913064718,98.52620961497988,199.2710686463145,71.86065617399936,225.936622087295,"ARIMA (0, 1, 2) mit Drift",21. Floridsdorf 
1987,11,10.994468752765624,NA,NA,NA,NA,NA,"ARIMA (0,1,0)",22. Donaustadt 
1988,21,16.468749999980485,NA,NA,NA,NA,NA,"ARIMA (0,1,0)",22. Donaustadt 
1989,30,26.46875,NA,NA,NA,NA,NA,"ARIMA (0,1,0)",22. Donaustadt 
1990,49,35.46875,NA,NA,NA,NA,NA,"ARIMA (0,1,0)",22. Donaustadt 
1991,82,54.46875,NA,NA,NA,NA,NA,"ARIMA (0,1,0)",22. Donaustadt 
1992,51,87.46875,NA,NA,NA,NA,NA,"ARIMA (0,1,0)",22. Donaustadt 
1993,54,56.46875,NA,NA,NA,NA,NA,"ARIMA (0,1,0)",22. Donaustadt 
1994,59,59.46875,NA,NA,NA,NA,NA,"ARIMA (0,1,0)",22. Donaustadt 
1995,58,64.46875,NA,NA,NA,NA,NA,"ARIMA (0,1,0)",22. Donaustadt 
1996,54,63.46875,NA,NA,NA,NA,NA,"ARIMA (0,1,0)",22. Donaustadt 
1997,54,59.46875,NA,NA,NA,NA,NA,"ARIMA (0,1,0)",22. Donaustadt 
1998,44,59.46875000000001,NA,NA,NA,NA,NA,"ARIMA (0,1,0)",22. Donaustadt 
1999,34,49.46875,NA,NA,NA,NA,NA,"ARIMA (0,1,0)",22. Donaustadt 
2000,50,39.46875,NA,NA,NA,NA,NA,"ARIMA (0,1,0)",22. Donaustadt 
2001,32,55.46875,NA,NA,NA,NA,NA,"ARIMA (0,1,0)",22. Donaustadt 
2002,31,37.46875,NA,NA,NA,NA,NA,"ARIMA (0,1,0)",22. Donaustadt 
2003,29,36.46875,NA,NA,NA,NA,NA,"ARIMA (0,1,0)",22. Donaustadt 
2004,43,34.46875,NA,NA,NA,NA,NA,"ARIMA (0,1,0)",22. Donaustadt 
2005,58,48.46875,NA,NA,NA,NA,NA,"ARIMA (0,1,0)",22. Donaustadt 
2006,58,63.46875,NA,NA,NA,NA,NA,"ARIMA (0,1,0)",22. Donaustadt 
2007,54,63.46875,NA,NA,NA,NA,NA,"ARIMA (0,1,0)",22. Donaustadt 
2008,61,59.46875,NA,NA,NA,NA,NA,"ARIMA (0,1,0)",22. Donaustadt 
2009,54,66.46875,NA,NA,NA,NA,NA,"ARIMA (0,1,0)",22. Donaustadt 
2010,54,59.468750000000014,NA,NA,NA,NA,NA,"ARIMA (0,1,0)",22. Donaustadt 
2011,54,59.46875,NA,NA,NA,NA,NA,"ARIMA (0,1,0)",22. Donaustadt 
2012,60,59.46875,NA,NA,NA,NA,NA,"ARIMA (0,1,0)",22. Donaustadt 
2013,118,65.46875,NA,NA,NA,NA,NA,"ARIMA (0,1,0)",22. Donaustadt 
2014,100,123.46875,NA,NA,NA,NA,NA,"ARIMA (0,1,0)",22. Donaustadt 
2015,121,105.46875,NA,NA,NA,NA,NA,"ARIMA (0,1,0)",22. Donaustadt 
2016,121,126.46875,NA,NA,NA,NA,NA,"ARIMA (0,1,0)",22. Donaustadt 
2017,152,126.46875,NA,NA,NA,NA,NA,"ARIMA (0,1,0)",22. Donaustadt 
2018,184,157.46875,NA,NA,NA,NA,NA,"ARIMA (0,1,0)",22. Donaustadt 
2019,186,189.46875,NA,NA,NA,NA,NA,"ARIMA (0,1,0)",22. Donaustadt 
2020,NA,NA,191.46875,169.43937198407795,213.49812801592205,157.77772368949996,225.15977631050004,"ARIMA (0,1,0)",22. Donaustadt 
2021,NA,NA,196.9375,165.7832548392393,228.0917451607607,149.29119366142206,244.58380633857794,"ARIMA (0,1,0)",22. Donaustadt 
2022,NA,NA,202.40625,164.25024801728213,240.56225198271787,144.0516806710741,260.7608193289259,"ARIMA (0,1,0)",22. Donaustadt 
2023,NA,NA,207.875,163.8162439681559,251.9337560318441,140.49294737899993,275.25705262100007,"ARIMA (0,1,0)",22. Donaustadt 
2024,NA,NA,213.34375,164.08456325435884,262.60293674564116,138.008324937988,288.679175062012,"ARIMA (0,1,0)",22. Donaustadt 
2025,NA,NA,218.8125,164.85176451010568,272.7732354898943,136.28667662859198,301.338323371408,"ARIMA (0,1,0)",22. Donaustadt 
2026,NA,NA,224.28125,165.99699423243675,282.56550576756325,135.1431729678829,313.4193270321171,"ARIMA (0,1,0)",22. Donaustadt 
2027,NA,NA,229.75,167.44150967847864,292.0584903215214,134.4573873228441,325.0426126771559,"ARIMA (0,1,0)",22. Donaustadt 
2028,NA,NA,235.21875,169.13061595223382,301.3068840477662,134.1456710684999,336.2918289315001,"ARIMA (0,1,0)",22. Donaustadt 
2029,NA,NA,240.6875,171.02449003284525,310.3505099671547,134.14712015016062,347.2278798498394,"ARIMA (0,1,0)",22. Donaustadt 
1987,11,11.370707858087282,NA,NA,NA,NA,NA,ETS,22. Donaustadt 
1988,21,11.012678638009353,NA,NA,NA,NA,NA,ETS,22. Donaustadt 
1989,30,20.65842204455796,NA,NA,NA,NA,NA,ETS,22. Donaustadt 
1990,49,29.680507216803292,NA,NA,NA,NA,NA,ETS,22. Donaustadt 
1991,82,48.33925097572446,NA,NA,NA,NA,NA,ETS,22. Donaustadt 
1992,51,80.84876340575988,NA,NA,NA,NA,NA,ETS,22. Donaustadt 
1993,54,52.02086227198164,NA,NA,NA,NA,NA,ETS,22. Donaustadt 
1994,59,53.93231119795068,NA,NA,NA,NA,NA,ETS,22. Donaustadt 
1995,58,58.82667917481775,NA,NA,NA,NA,NA,ETS,22. Donaustadt 
1996,54,58.02827338503549,NA,NA,NA,NA,NA,ETS,22. Donaustadt 
1997,54,54.1377716143248,NA,NA,NA,NA,NA,ETS,22. Donaustadt 
1998,44,54.00471194874314,NA,NA,NA,NA,NA,ETS,22. Donaustadt 
1999,34,44.34217273364648,NA,NA,NA,NA,NA,ETS,22. Donaustadt 
2000,50,34.35371428325435,NA,NA,NA,NA,NA,ETS,22. Donaustadt 
2001,32,49.464878910803094,NA,NA,NA,NA,NA,ETS,22. Donaustadt 
2002,31,32.59731908228152,NA,NA,NA,NA,NA,ETS,22. Donaustadt 
2003,29,31.054630162236567,NA,NA,NA,NA,NA,ETS,22. Donaustadt 
2004,43,29.070270730716373,NA,NA,NA,NA,NA,ETS,22. Donaustadt 
2005,58,42.523587129000255,NA,NA,NA,NA,NA,ETS,22. Donaustadt 
2006,58,57.4706887588326,NA,NA,NA,NA,NA,ETS,22. Donaustadt 
2007,54,57.98189694263383,NA,NA,NA,NA,NA,ETS,22. Donaustadt 
2008,61,54.13618548629286,NA,NA,NA,NA,NA,ETS,22. Donaustadt 
2009,54,60.76524959564752,NA,NA,NA,NA,NA,ETS,22. Donaustadt 
2010,54,54.231379370021166,NA,NA,NA,NA,NA,ETS,22. Donaustadt 
2011,54,54.007913442381465,NA,NA,NA,NA,NA,ETS,22. Donaustadt 
2012,60,54.00027064889285,NA,NA,NA,NA,NA,ETS,22. Donaustadt 
2013,118,59.79480230877959,NA,NA,NA,NA,NA,ETS,22. Donaustadt 
2014,100,116.0093148399999,NA,NA,NA,NA,NA,ETS,22. Donaustadt 
2015,121,100.54753710558334,NA,NA,NA,NA,NA,ETS,22. Donaustadt 
2016,121,120.3005020859931,NA,NA,NA,NA,NA,ETS,22. Donaustadt 
2017,152,120.97607636135433,NA,NA,NA,NA,NA,ETS,22. Donaustadt 
2018,184,150.93894588727179,NA,NA,NA,NA,NA,ETS,22. Donaustadt 
2019,186,182.86927366615413,NA,NA,NA,NA,NA,ETS,22. Donaustadt 
2020,NA,NA,185.89292553414438,162.75912135747512,209.02672971081364,150.5128251693136,221.27302589897516,ETS,22. Donaustadt 
2021,NA,NA,185.89292553414438,153.73138440336362,218.05446666492514,136.70609294902968,235.07975811925908,ETS,22. Donaustadt 
2022,NA,NA,185.89292553414438,146.73227487395582,225.05357619433295,126.00187864325508,245.78397242503368,ETS,22. Donaustadt 
2023,NA,NA,185.89292553414438,140.80691448468747,230.9789365836013,116.93982193744395,254.8460291308448,ETS,22. Donaustadt 
2024,NA,NA,185.89292553414438,135.5745370009831,236.21131406730566,108.9375911280884,262.84825994020036,ETS,22. Donaustadt 
2025,NA,NA,185.89292553414438,130.83720778569796,240.9486432825908,101.69247131043782,270.0933797578509,ETS,22. Donaustadt 
2026,NA,NA,185.89292553414438,126.47639678145617,245.3094542868326,95.02318640494305,276.76266466334573,ETS,22. Donaustadt 
2027,NA,NA,185.89292553414438,122.41445893923168,249.37139212905709,88.81098855645679,282.974862511832,ETS,22. Donaustadt 
2028,NA,NA,185.89292553414438,118.59725291350799,253.18859815478078,82.97307572240832,288.8127753458804,ETS,22. Donaustadt 
2029,NA,NA,185.89292553414438,114.9852433996514,256.8006076686374,77.4489838720999,294.33686719618885,ETS,22. Donaustadt 
1987,11,10.994468752765624,NA,NA,NA,NA,NA,"ARIMA (0,1,0) mit Drift",22. Donaustadt 
1988,21,16.468749999980485,NA,NA,NA,NA,NA,"ARIMA (0,1,0) mit Drift",22. Donaustadt 
1989,30,26.46875,NA,NA,NA,NA,NA,"ARIMA (0,1,0) mit Drift",22. Donaustadt 
1990,49,35.46875,NA,NA,NA,NA,NA,"ARIMA (0,1,0) mit Drift",22. Donaustadt 
1991,82,54.46875,NA,NA,NA,NA,NA,"ARIMA (0,1,0) mit Drift",22. Donaustadt 
1992,51,87.46875,NA,NA,NA,NA,NA,"ARIMA (0,1,0) mit Drift",22. Donaustadt 
1993,54,56.46875,NA,NA,NA,NA,NA,"ARIMA (0,1,0) mit Drift",22. Donaustadt 
1994,59,59.46875,NA,NA,NA,NA,NA,"ARIMA (0,1,0) mit Drift",22. Donaustadt 
1995,58,64.46875,NA,NA,NA,NA,NA,"ARIMA (0,1,0) mit Drift",22. Donaustadt 
1996,54,63.46875,NA,NA,NA,NA,NA,"ARIMA (0,1,0) mit Drift",22. Donaustadt 
1997,54,59.46875,NA,NA,NA,NA,NA,"ARIMA (0,1,0) mit Drift",22. Donaustadt 
1998,44,59.46875000000001,NA,NA,NA,NA,NA,"ARIMA (0,1,0) mit Drift",22. Donaustadt 
1999,34,49.46875,NA,NA,NA,NA,NA,"ARIMA (0,1,0) mit Drift",22. Donaustadt 
2000,50,39.46875,NA,NA,NA,NA,NA,"ARIMA (0,1,0) mit Drift",22. Donaustadt 
2001,32,55.46875,NA,NA,NA,NA,NA,"ARIMA (0,1,0) mit Drift",22. Donaustadt 
2002,31,37.46875,NA,NA,NA,NA,NA,"ARIMA (0,1,0) mit Drift",22. Donaustadt 
2003,29,36.46875,NA,NA,NA,NA,NA,"ARIMA (0,1,0) mit Drift",22. Donaustadt 
2004,43,34.46875,NA,NA,NA,NA,NA,"ARIMA (0,1,0) mit Drift",22. Donaustadt 
2005,58,48.46875,NA,NA,NA,NA,NA,"ARIMA (0,1,0) mit Drift",22. Donaustadt 
2006,58,63.46875,NA,NA,NA,NA,NA,"ARIMA (0,1,0) mit Drift",22. Donaustadt 
2007,54,63.46875,NA,NA,NA,NA,NA,"ARIMA (0,1,0) mit Drift",22. Donaustadt 
2008,61,59.46875,NA,NA,NA,NA,NA,"ARIMA (0,1,0) mit Drift",22. Donaustadt 
2009,54,66.46875,NA,NA,NA,NA,NA,"ARIMA (0,1,0) mit Drift",22. Donaustadt 
2010,54,59.468750000000014,NA,NA,NA,NA,NA,"ARIMA (0,1,0) mit Drift",22. Donaustadt 
2011,54,59.46875,NA,NA,NA,NA,NA,"ARIMA (0,1,0) mit Drift",22. Donaustadt 
2012,60,59.46875,NA,NA,NA,NA,NA,"ARIMA (0,1,0) mit Drift",22. Donaustadt 
2013,118,65.46875,NA,NA,NA,NA,NA,"ARIMA (0,1,0) mit Drift",22. Donaustadt 
2014,100,123.46875,NA,NA,NA,NA,NA,"ARIMA (0,1,0) mit Drift",22. Donaustadt 
2015,121,105.46875,NA,NA,NA,NA,NA,"ARIMA (0,1,0) mit Drift",22. Donaustadt 
2016,121,126.46875,NA,NA,NA,NA,NA,"ARIMA (0,1,0) mit Drift",22. Donaustadt 
2017,152,126.46875,NA,NA,NA,NA,NA,"ARIMA (0,1,0) mit Drift",22. Donaustadt 
2018,184,157.46875,NA,NA,NA,NA,NA,"ARIMA (0,1,0) mit Drift",22. Donaustadt 
2019,186,189.46875,NA,NA,NA,NA,NA,"ARIMA (0,1,0) mit Drift",22. Donaustadt 
2020,NA,NA,191.46875,169.43937198407795,213.49812801592205,157.77772368949996,225.15977631050004,"ARIMA (0,1,0) mit Drift",22. Donaustadt 
2021,NA,NA,196.9375,165.7832548392393,228.0917451607607,149.29119366142206,244.58380633857794,"ARIMA (0,1,0) mit Drift",22. Donaustadt 
2022,NA,NA,202.40625,164.25024801728213,240.56225198271787,144.0516806710741,260.7608193289259,"ARIMA (0,1,0) mit Drift",22. Donaustadt 
2023,NA,NA,207.875,163.8162439681559,251.9337560318441,140.49294737899993,275.25705262100007,"ARIMA (0,1,0) mit Drift",22. Donaustadt 
2024,NA,NA,213.34375,164.08456325435884,262.60293674564116,138.008324937988,288.679175062012,"ARIMA (0,1,0) mit Drift",22. Donaustadt 
2025,NA,NA,218.8125,164.85176451010568,272.7732354898943,136.28667662859198,301.338323371408,"ARIMA (0,1,0) mit Drift",22. Donaustadt 
2026,NA,NA,224.28125,165.99699423243675,282.56550576756325,135.1431729678829,313.4193270321171,"ARIMA (0,1,0) mit Drift",22. Donaustadt 
2027,NA,NA,229.75,167.44150967847864,292.0584903215214,134.4573873228441,325.0426126771559,"ARIMA (0,1,0) mit Drift",22. Donaustadt 
2028,NA,NA,235.21875,169.13061595223382,301.3068840477662,134.1456710684999,336.2918289315001,"ARIMA (0,1,0) mit Drift",22. Donaustadt 
2029,NA,NA,240.6875,171.02449003284525,310.3505099671547,134.14712015016062,347.2278798498394,"ARIMA (0,1,0) mit Drift",22. Donaustadt 
1987,11,10.995080651343638,NA,NA,NA,NA,NA,"ARIMA (0, 1, 2) mit Drift",22. Donaustadt 
1988,21,20.992397394329707,NA,NA,NA,NA,NA,"ARIMA (0, 1, 2) mit Drift",22. Donaustadt 
1989,30,30.7417291546451,NA,NA,NA,NA,NA,"ARIMA (0, 1, 2) mit Drift",22. Donaustadt 
1990,49,40.87482754605659,NA,NA,NA,NA,NA,"ARIMA (0, 1, 2) mit Drift",22. Donaustadt 
1991,82,63.636358481601484,NA,NA,NA,NA,NA,"ARIMA (0, 1, 2) mit Drift",22. Donaustadt 
1992,51,96.71374546831419,NA,NA,NA,NA,NA,"ARIMA (0, 1, 2) mit Drift",22. Donaustadt 
1993,54,58.36595761003068,NA,NA,NA,NA,NA,"ARIMA (0, 1, 2) mit Drift",22. Donaustadt 
1994,59,60.69104030133665,NA,NA,NA,NA,NA,"ARIMA (0, 1, 2) mit Drift",22. Donaustadt 
1995,58,65.26196752028235,NA,NA,NA,NA,NA,"ARIMA (0, 1, 2) mit Drift",22. Donaustadt 
1996,54,63.17455886865098,NA,NA,NA,NA,NA,"ARIMA (0, 1, 2) mit Drift",22. Donaustadt 
1997,54,58.04188582374527,NA,NA,NA,NA,NA,"ARIMA (0, 1, 2) mit Drift",22. Donaustadt 
1998,44,57.404372654892505,NA,NA,NA,NA,NA,"ARIMA (0, 1, 2) mit Drift",22. Donaustadt 
1999,34,45.82225916069475,NA,NA,NA,NA,NA,"ARIMA (0, 1, 2) mit Drift",22. Donaustadt 
2000,50,34.70835109874321,NA,NA,NA,NA,NA,"ARIMA (0, 1, 2) mit Drift",22. Donaustadt 
2001,32,52.15095760512632,NA,NA,NA,NA,NA,"ARIMA (0, 1, 2) mit Drift",22. Donaustadt 
2002,31,32.085057969170734,NA,NA,NA,NA,NA,"ARIMA (0, 1, 2) mit Drift",22. Donaustadt 
2003,29,30.96632188602268,NA,NA,NA,NA,NA,"ARIMA (0, 1, 2) mit Drift",22. Donaustadt 
2004,43,28.823296189367966,NA,NA,NA,NA,NA,"ARIMA (0, 1, 2) mit Drift",22. Donaustadt 
2005,58,44.27168406154055,NA,NA,NA,NA,NA,"ARIMA (0, 1, 2) mit Drift",22. Donaustadt 
2006,58,60.61817092984918,NA,NA,NA,NA,NA,"ARIMA (0, 1, 2) mit Drift",22. Donaustadt 
2007,54,60.34860140497349,NA,NA,NA,NA,NA,"ARIMA (0, 1, 2) mit Drift",22. Donaustadt 
2008,61,55.737535400811545,NA,NA,NA,NA,NA,"ARIMA (0, 1, 2) mit Drift",22. Donaustadt 
2009,54,63.23704016495255,NA,NA,NA,NA,NA,"ARIMA (0, 1, 2) mit Drift",22. Donaustadt 
2010,54,55.3395091218789,NA,NA,NA,NA,NA,"ARIMA (0, 1, 2) mit Drift",22. Donaustadt 
2011,54,55.208783975079825,NA,NA,NA,NA,NA,"ARIMA (0, 1, 2) mit Drift",22. Donaustadt 
2012,60,55.09560248108252,NA,NA,NA,NA,NA,"ARIMA (0, 1, 2) mit Drift",22. Donaustadt 
2013,118,61.602324261692104,NA,NA,NA,NA,NA,"ARIMA (0, 1, 2) mit Drift",22. Donaustadt 
2014,100,125.02293941630866,NA,NA,NA,NA,NA,"ARIMA (0, 1, 2) mit Drift",22. Donaustadt 
2015,121,104.62146569143292,NA,NA,NA,NA,NA,"ARIMA (0, 1, 2) mit Drift",22. Donaustadt 
2016,121,127.19426123304918,NA,NA,NA,NA,NA,"ARIMA (0, 1, 2) mit Drift",22. Donaustadt 
2017,152,126.60583897238371,NA,NA,NA,NA,NA,"ARIMA (0, 1, 2) mit Drift",22. Donaustadt 
2018,184,160.04967764102068,NA,NA,NA,NA,NA,"ARIMA (0, 1, 2) mit Drift",22. Donaustadt 
2019,186,194.34712236109132,NA,NA,NA,NA,NA,"ARIMA (0, 1, 2) mit Drift",22. Donaustadt 
2020,NA,NA,195.54620408040358,172.60388352115686,218.4885246396503,160.45895263704253,230.63345552376464,"ARIMA (0, 1, 2) mit Drift",22. Donaustadt 
2021,NA,NA,205.09240816080717,171.0535507133389,239.13126560827544,153.03446803135165,257.1503482902627,"ARIMA (0, 1, 2) mit Drift",22. Donaustadt 
2022,NA,NA,214.63861224121075,170.97469253017897,258.30253195224253,147.8604096636942,281.4168148187273,"ARIMA (0, 1, 2) mit Drift",22. Donaustadt 
2023,NA,NA,224.18481632161433,171.46206098082956,276.9075716623991,143.5523202037212,304.8173124395075,"ARIMA (0, 1, 2) mit Drift",22. Donaustadt 
2024,NA,NA,233.73102040201792,172.18629188379742,295.2757489202384,139.60648060424006,327.8555601997958,"ARIMA (0, 1, 2) mit Drift",22. Donaustadt 
2025,NA,NA,243.2772244824215,172.98932672628575,313.56512223855725,135.7811612299707,350.77328773487227,"ARIMA (0, 1, 2) mit Drift",22. Donaustadt 
2026,NA,NA,252.8234285628251,173.7838785135948,331.8629786120554,131.9428681423704,373.70398898327977,"ARIMA (0, 1, 2) mit Drift",22. Donaustadt 
2027,NA,NA,262.36963264322867,174.51750708625218,350.22175820020516,128.0114010384059,396.72786424805145,"ARIMA (0, 1, 2) mit Drift",22. Donaustadt 
2028,NA,NA,271.91583672363225,175.1569523608366,368.6747210864279,123.93589301004067,419.89578043722383,"ARIMA (0, 1, 2) mit Drift",22. Donaustadt 
2029,NA,NA,281.46204080403584,175.68035836222074,387.2437232458509,119.68291822779716,443.24116338027454,"ARIMA (0, 1, 2) mit Drift",22. Donaustadt 
1987,45,44.95500002534936,NA,NA,NA,NA,NA,"ARIMA (0,1,0)",23. Liesing 
1988,60,45.868137299062674,NA,NA,NA,NA,NA,"ARIMA (0,1,0)",23. Liesing 
1989,57,54.97099070545494,NA,NA,NA,NA,NA,"ARIMA (0,1,0)",23. Liesing 
1990,40,58.00580185898604,NA,NA,NA,NA,NA,"ARIMA (0,1,0)",23. Liesing 
1991,69,45.69954386758753,NA,NA,NA,NA,NA,"ARIMA (0,1,0)",23. Liesing 
1992,56,59.277248696468334,NA,NA,NA,NA,NA,"ARIMA (0,1,0)",23. Liesing 
1993,51,60.35847472227282,NA,NA,NA,NA,NA,"ARIMA (0,1,0)",23. Liesing 
1994,31,52.67633643164339,NA,NA,NA,NA,NA,"ARIMA (0,1,0)",23. Liesing 
1995,50,37.70534572657356,NA,NA,NA,NA,NA,"ARIMA (0,1,0)",23. Liesing 
1996,28,43.62992155975512,NA,NA,NA,NA,NA,"ARIMA (0,1,0)",23. Liesing 
1997,39,35.375880299230914,NA,NA,NA,NA,NA,"ARIMA (0,1,0)",23. Liesing 
1998,29,35.31205985038454,NA,NA,NA,NA,NA,"ARIMA (0,1,0)",23. Liesing 
1999,28,32.352672863286784,NA,NA,NA,NA,NA,"ARIMA (0,1,0)",23. Liesing 
2000,35,28.33526728632868,NA,NA,NA,NA,NA,"ARIMA (0,1,0)",23. Liesing 
2001,36,32.653128995699255,NA,NA,NA,NA,NA,"ARIMA (0,1,0)",23. Liesing 
2002,26,35.66473271367133,NA,NA,NA,NA,NA,"ARIMA (0,1,0)",23. Liesing 
2003,33,29.35267286328678,NA,NA,NA,NA,NA,"ARIMA (0,1,0)",23. Liesing 
2004,32,30.653128995699255,NA,NA,NA,NA,NA,"ARIMA (0,1,0)",23. Liesing 
2005,46,32.33526728632867,NA,NA,NA,NA,NA,"ARIMA (0,1,0)",23. Liesing 
2006,52,41.3062579913985,NA,NA,NA,NA,NA,"ARIMA (0,1,0)",23. Liesing 
2007,48,49.98839628202793,NA,NA,NA,NA,NA,"ARIMA (0,1,0)",23. Liesing 
2008,46,49.34106914531471,NA,NA,NA,NA,NA,"ARIMA (0,1,0)",23. Liesing 
2009,38,46.67053457265736,NA,NA,NA,NA,NA,"ARIMA (0,1,0)",23. Liesing 
2010,47,40.682138290629425,NA,NA,NA,NA,NA,"ARIMA (0,1,0)",23. Liesing 
2011,49,43.982594423041895,NA,NA,NA,NA,NA,"ARIMA (0,1,0)",23. Liesing 
2012,50,48.32946542734264,NA,NA,NA,NA,NA,"ARIMA (0,1,0)",23. Liesing 
2013,73,49.66473271367133,NA,NA,NA,NA,NA,"ARIMA (0,1,0)",23. Liesing 
2014,68,65.2888524144404,NA,NA,NA,NA,NA,"ARIMA (0,1,0)",23. Liesing 
2015,71,69.67633643164339,NA,NA,NA,NA,NA,"ARIMA (0,1,0)",23. Liesing 
2016,64,69.99419814101397,NA,NA,NA,NA,NA,"ARIMA (0,1,0)",23. Liesing 
2017,80,66.34687100430075,NA,NA,NA,NA,NA,"ARIMA (0,1,0)",23. Liesing 
2018,115,74.63572341874115,NA,NA,NA,NA,NA,"ARIMA (0,1,0)",23. Liesing 
2019,106,103.26564497849627,NA,NA,NA,NA,NA,"ARIMA (0,1,0)",23. Liesing 
2020,NA,NA,109.01740557695811,92.5111664362416,125.52364471767463,83.7732912503826,134.26151990353364,"ARIMA (0,1,0)",23. Liesing 
2021,NA,NA,108.00576819741835,88.18542717233836,127.82610922249833,77.69317242297504,138.31836397186166,"ARIMA (0,1,0)",23. Liesing 
2022,NA,NA,108.3449371164053,84.73575629722043,131.95411793559018,72.23781091549256,144.45206331731805,"ARIMA (0,1,0)",23. Liesing 
2023,NA,NA,108.23122487332952,81.65361838534459,134.80883136131445,67.58428337504328,148.87816637161575,"ARIMA (0,1,0)",23. Liesing 
2024,NA,NA,108.2693488684879,78.93542006496511,137.60327767201068,63.40697615893979,153.131721578036,"ARIMA (0,1,0)",23. Liesing 
2025,NA,NA,108.25656714008714,76.43112951102349,140.08200476915079,59.583760503014126,156.92937377716015,"ARIMA (0,1,0)",23. Liesing 
2026,NA,NA,108.26085243548265,74.1167917965449,142.4049130744204,56.04201790904576,160.47968696191953,"ARIMA (0,1,0)",23. Liesing 
2027,NA,NA,108.25941571612428,71.94714599524163,144.57168543700692,52.724591551955754,163.79423988029282,"ARIMA (0,1,0)",23. Liesing 
2028,NA,NA,108.25989740112477,69.90093325775885,146.6188615444907,49.59492423376609,166.92487056848347,"ARIMA (0,1,0)",23. Liesing 
2029,NA,NA,108.2597359079018,67.95815422275842,148.56131759304517,46.623785590668106,169.89568622513548,"ARIMA (0,1,0)",23. Liesing 
1987,45,49.33260415188341,NA,NA,NA,NA,NA,ETS,23. Liesing 
1988,60,46.931024234031355,NA,NA,NA,NA,NA,ETS,23. Liesing 
1989,57,54.175210096892094,NA,NA,NA,NA,NA,ETS,23. Liesing 
1990,40,55.74100250848506,NA,NA,NA,NA,NA,ETS,23. Liesing 
1991,69,47.01570146873896,NA,NA,NA,NA,NA,ETS,23. Liesing 
1992,56,59.20168661990717,NA,NA,NA,NA,NA,ETS,23. Liesing 
1993,51,57.42697884138044,NA,NA,NA,NA,NA,ETS,23. Liesing 
1994,31,53.864478604378704,NA,NA,NA,NA,NA,ETS,23. Liesing 
1995,50,41.190606096417454,NA,NA,NA,NA,NA,ETS,23. Liesing 
1996,28,46.07368859037096,NA,NA,NA,NA,NA,ETS,23. Liesing 
1997,39,36.055370267595464,NA,NA,NA,NA,NA,ETS,23. Liesing 
1998,29,37.68759037886011,NA,NA,NA,NA,NA,ETS,23. Liesing 
1999,28,32.87202406885565,NA,NA,NA,NA,NA,ETS,23. Liesing 
2000,35,30.171441520143162,NA,NA,NA,NA,NA,ETS,23. Liesing 
2001,36,32.84793091794737,NA,NA,NA,NA,NA,ETS,23. Liesing 
2002,26,34.59513549555672,NA,NA,NA,NA,NA,ETS,23. Liesing 
2003,33,29.830817299449823,NA,NA,NA,NA,NA,ETS,23. Liesing 
2004,32,31.587508024665716,NA,NA,NA,NA,NA,ETS,23. Liesing 
2005,46,31.816153986657724,NA,NA,NA,NA,NA,ETS,23. Liesing 
2006,52,39.678316914406636,NA,NA,NA,NA,NA,ETS,23. Liesing 
2007,48,46.50827543707361,NA,NA,NA,NA,NA,ETS,23. Liesing 
2008,46,47.33514436571398,NA,NA,NA,NA,NA,ETS,23. Liesing 
2009,38,46.595068470541754,NA,NA,NA,NA,NA,ETS,23. Liesing 
2010,47,41.83078742667039,NA,NA,NA,NA,NA,ETS,23. Liesing 
2011,49,44.69610275944091,NA,NA,NA,NA,NA,ETS,23. Liesing 
2012,50,47.08177032081561,NA,NA,NA,NA,NA,ETS,23. Liesing 
2013,73,48.699356776333936,NA,NA,NA,NA,NA,ETS,23. Liesing 
2014,68,62.169301112576754,NA,NA,NA,NA,NA,ETS,23. Liesing 
2015,71,65.40128097138543,NA,NA,NA,NA,NA,ETS,23. Liesing 
2016,64,68.50467346085898,NA,NA,NA,NA,NA,ETS,23. Liesing 
2017,80,66.00771483255289,NA,NA,NA,NA,NA,ETS,23. Liesing 
2018,115,73.76369481249002,NA,NA,NA,NA,NA,ETS,23. Liesing 
2019,106,96.62114473246311,NA,NA,NA,NA,NA,ETS,23. Liesing 
2020,NA,NA,101.81988195224032,68.94947231345954,134.6902915910211,51.54892853827373,152.09083536620693,ETS,23. Liesing 
2021,NA,NA,101.81988195224032,63.95822073796819,139.68154316651245,43.915467982525705,159.72429592195493,ETS,23. Liesing 
2022,NA,NA,101.81988195224032,59.470971463370496,144.16879244111016,37.052812429428585,166.58695147505205,ETS,23. Liesing 
2023,NA,NA,101.81988195224032,55.34007426808848,148.29968963639217,30.735150351469457,172.9046135530112,ETS,23. Liesing 
2024,NA,NA,101.81988195224032,51.47637076931788,152.16339313516278,24.826125768979324,178.81363813550132,ETS,23. Liesing 
2025,NA,NA,101.81988195224032,47.821182941745946,155.8185809627347,19.235998386375087,184.40376551810556,ETS,23. Liesing 
2026,NA,NA,101.81988195224032,44.33348478404285,159.3062791204378,13.90202434909952,189.73773955538113,ETS,23. Liesing 
2027,NA,NA,101.81988195224032,40.98327133224335,162.6564925722373,8.778315024724208,194.86144887975644,ETS,23. Liesing 
2028,NA,NA,101.81988195224032,37.747818629787375,165.89194527469328,3.8301171207235996,199.80964678375705,ETS,23. Liesing 
2029,NA,NA,101.81988195224032,34.60942988044329,169.03033402403736,-0.9696342771736681,204.6093981816543,ETS,23. Liesing 
1987,45,44.95500002534936,NA,NA,NA,NA,NA,"ARIMA (0,1,0) mit Drift",23. Liesing 
1988,60,45.868137299062674,NA,NA,NA,NA,NA,"ARIMA (0,1,0) mit Drift",23. Liesing 
1989,57,54.97099070545494,NA,NA,NA,NA,NA,"ARIMA (0,1,0) mit Drift",23. Liesing 
1990,40,58.00580185898604,NA,NA,NA,NA,NA,"ARIMA (0,1,0) mit Drift",23. Liesing 
1991,69,45.69954386758753,NA,NA,NA,NA,NA,"ARIMA (0,1,0) mit Drift",23. Liesing 
1992,56,59.277248696468334,NA,NA,NA,NA,NA,"ARIMA (0,1,0) mit Drift",23. Liesing 
1993,51,60.35847472227282,NA,NA,NA,NA,NA,"ARIMA (0,1,0) mit Drift",23. Liesing 
1994,31,52.67633643164339,NA,NA,NA,NA,NA,"ARIMA (0,1,0) mit Drift",23. Liesing 
1995,50,37.70534572657356,NA,NA,NA,NA,NA,"ARIMA (0,1,0) mit Drift",23. Liesing 
1996,28,43.62992155975512,NA,NA,NA,NA,NA,"ARIMA (0,1,0) mit Drift",23. Liesing 
1997,39,35.375880299230914,NA,NA,NA,NA,NA,"ARIMA (0,1,0) mit Drift",23. Liesing 
1998,29,35.31205985038454,NA,NA,NA,NA,NA,"ARIMA (0,1,0) mit Drift",23. Liesing 
1999,28,32.352672863286784,NA,NA,NA,NA,NA,"ARIMA (0,1,0) mit Drift",23. Liesing 
2000,35,28.33526728632868,NA,NA,NA,NA,NA,"ARIMA (0,1,0) mit Drift",23. Liesing 
2001,36,32.653128995699255,NA,NA,NA,NA,NA,"ARIMA (0,1,0) mit Drift",23. Liesing 
2002,26,35.66473271367133,NA,NA,NA,NA,NA,"ARIMA (0,1,0) mit Drift",23. Liesing 
2003,33,29.35267286328678,NA,NA,NA,NA,NA,"ARIMA (0,1,0) mit Drift",23. Liesing 
2004,32,30.653128995699255,NA,NA,NA,NA,NA,"ARIMA (0,1,0) mit Drift",23. Liesing 
2005,46,32.33526728632867,NA,NA,NA,NA,NA,"ARIMA (0,1,0) mit Drift",23. Liesing 
2006,52,41.3062579913985,NA,NA,NA,NA,NA,"ARIMA (0,1,0) mit Drift",23. Liesing 
2007,48,49.98839628202793,NA,NA,NA,NA,NA,"ARIMA (0,1,0) mit Drift",23. Liesing 
2008,46,49.34106914531471,NA,NA,NA,NA,NA,"ARIMA (0,1,0) mit Drift",23. Liesing 
2009,38,46.67053457265736,NA,NA,NA,NA,NA,"ARIMA (0,1,0) mit Drift",23. Liesing 
2010,47,40.682138290629425,NA,NA,NA,NA,NA,"ARIMA (0,1,0) mit Drift",23. Liesing 
2011,49,43.982594423041895,NA,NA,NA,NA,NA,"ARIMA (0,1,0) mit Drift",23. Liesing 
2012,50,48.32946542734264,NA,NA,NA,NA,NA,"ARIMA (0,1,0) mit Drift",23. Liesing 
2013,73,49.66473271367133,NA,NA,NA,NA,NA,"ARIMA (0,1,0) mit Drift",23. Liesing 
2014,68,65.2888524144404,NA,NA,NA,NA,NA,"ARIMA (0,1,0) mit Drift",23. Liesing 
2015,71,69.67633643164339,NA,NA,NA,NA,NA,"ARIMA (0,1,0) mit Drift",23. Liesing 
2016,64,69.99419814101397,NA,NA,NA,NA,NA,"ARIMA (0,1,0) mit Drift",23. Liesing 
2017,80,66.34687100430075,NA,NA,NA,NA,NA,"ARIMA (0,1,0) mit Drift",23. Liesing 
2018,115,74.63572341874115,NA,NA,NA,NA,NA,"ARIMA (0,1,0) mit Drift",23. Liesing 
2019,106,103.26564497849627,NA,NA,NA,NA,NA,"ARIMA (0,1,0) mit Drift",23. Liesing 
2020,NA,NA,109.01740557695811,92.5111664362416,125.52364471767463,83.7732912503826,134.26151990353364,"ARIMA (0,1,0) mit Drift",23. Liesing 
2021,NA,NA,108.00576819741835,88.18542717233836,127.82610922249833,77.69317242297504,138.31836397186166,"ARIMA (0,1,0) mit Drift",23. Liesing 
2022,NA,NA,108.3449371164053,84.73575629722043,131.95411793559018,72.23781091549256,144.45206331731805,"ARIMA (0,1,0) mit Drift",23. Liesing 
2023,NA,NA,108.23122487332952,81.65361838534459,134.80883136131445,67.58428337504328,148.87816637161575,"ARIMA (0,1,0) mit Drift",23. Liesing 
2024,NA,NA,108.2693488684879,78.93542006496511,137.60327767201068,63.40697615893979,153.131721578036,"ARIMA (0,1,0) mit Drift",23. Liesing 
2025,NA,NA,108.25656714008714,76.43112951102349,140.08200476915079,59.583760503014126,156.92937377716015,"ARIMA (0,1,0) mit Drift",23. Liesing 
2026,NA,NA,108.26085243548265,74.1167917965449,142.4049130744204,56.04201790904576,160.47968696191953,"ARIMA (0,1,0) mit Drift",23. Liesing 
2027,NA,NA,108.25941571612428,71.94714599524163,144.57168543700692,52.724591551955754,163.79423988029282,"ARIMA (0,1,0) mit Drift",23. Liesing 
2028,NA,NA,108.25989740112477,69.90093325775885,146.6188615444907,49.59492423376609,166.92487056848347,"ARIMA (0,1,0) mit Drift",23. Liesing 
2029,NA,NA,108.2597359079018,67.95815422275842,148.56131759304517,46.623785590668106,169.89568622513548,"ARIMA (0,1,0) mit Drift",23. Liesing 
1987,45,44.979875394914494,NA,NA,NA,NA,NA,"ARIMA (0, 1, 2) mit Drift",23. Liesing 
1988,60,60.02683265719613,NA,NA,NA,NA,NA,"ARIMA (0, 1, 2) mit Drift",23. Liesing 
1989,57,66.8563210411748,NA,NA,NA,NA,NA,"ARIMA (0, 1, 2) mit Drift",23. Liesing 
1990,40,58.96273932559107,NA,NA,NA,NA,NA,"ARIMA (0, 1, 2) mit Drift",23. Liesing 
1991,69,49.398285660414096,NA,NA,NA,NA,NA,"ARIMA (0, 1, 2) mit Drift",23. Liesing 
1992,56,62.30841536306446,NA,NA,NA,NA,NA,"ARIMA (0, 1, 2) mit Drift",23. Liesing 
1993,51,60.468168003722354,NA,NA,NA,NA,NA,"ARIMA (0, 1, 2) mit Drift",23. Liesing 
1994,31,55.66414188008459,NA,NA,NA,NA,NA,"ARIMA (0, 1, 2) mit Drift",23. Liesing 
1995,50,41.37142986270529,NA,NA,NA,NA,NA,"ARIMA (0, 1, 2) mit Drift",23. Liesing 
1996,28,43.38269818588717,NA,NA,NA,NA,NA,"ARIMA (0, 1, 2) mit Drift",23. Liesing 
1997,39,32.65354586626258,NA,NA,NA,NA,NA,"ARIMA (0, 1, 2) mit Drift",23. Liesing 
1998,29,32.51544019833892,NA,NA,NA,NA,NA,"ARIMA (0, 1, 2) mit Drift",23. Liesing 
1999,28,27.502076049099976,NA,NA,NA,NA,NA,"ARIMA (0, 1, 2) mit Drift",23. Liesing 
2000,35,24.356278674081377,NA,NA,NA,NA,NA,"ARIMA (0, 1, 2) mit Drift",23. Liesing 
2001,36,27.1050893653372,NA,NA,NA,NA,NA,"ARIMA (0, 1, 2) mit Drift",23. Liesing 
2002,26,30.184232176864796,NA,NA,NA,NA,NA,"ARIMA (0, 1, 2) mit Drift",23. Liesing 
2003,33,26.864166777146053,NA,NA,NA,NA,NA,"ARIMA (0, 1, 2) mit Drift",23. Liesing 
2004,32,28.949569445160158,NA,NA,NA,NA,NA,"ARIMA (0, 1, 2) mit Drift",23. Liesing 
2005,46,30.03256050968605,NA,NA,NA,NA,NA,"ARIMA (0, 1, 2) mit Drift",23. Liesing 
2006,52,38.92097333416465,NA,NA,NA,NA,NA,"ARIMA (0, 1, 2) mit Drift",23. Liesing 
2007,48,48.153813829132964,NA,NA,NA,NA,NA,"ARIMA (0, 1, 2) mit Drift",23. Liesing 
2008,46,51.42456699724529,NA,NA,NA,NA,NA,"ARIMA (0, 1, 2) mit Drift",23. Liesing 
2009,38,51.64732103300552,NA,NA,NA,NA,NA,"ARIMA (0, 1, 2) mit Drift",23. Liesing 
2010,47,46.4641299162483,NA,NA,NA,NA,NA,"ARIMA (0, 1, 2) mit Drift",23. Liesing 
2011,49,47.71764056545438,NA,NA,NA,NA,NA,"ARIMA (0, 1, 2) mit Drift",23. Liesing 
2012,50,49.46737200549832,NA,NA,NA,NA,NA,"ARIMA (0, 1, 2) mit Drift",23. Liesing 
2013,73,50.94728152759176,NA,NA,NA,NA,NA,"ARIMA (0, 1, 2) mit Drift",23. Liesing 
2014,68,64.85995175552924,NA,NA,NA,NA,NA,"ARIMA (0, 1, 2) mit Drift",23. Liesing 
2015,71,70.67346653841808,NA,NA,NA,NA,NA,"ARIMA (0, 1, 2) mit Drift",23. Liesing 
2016,64,75.26447263439817,NA,NA,NA,NA,NA,"ARIMA (0, 1, 2) mit Drift",23. Liesing 
2017,80,73.23603698189564,NA,NA,NA,NA,NA,"ARIMA (0, 1, 2) mit Drift",23. Liesing 
2018,115,80.15299440827741,NA,NA,NA,NA,NA,"ARIMA (0, 1, 2) mit Drift",23. Liesing 
2019,106,104.05619190121494,NA,NA,NA,NA,NA,"ARIMA (0, 1, 2) mit Drift",23. Liesing 
2020,NA,NA,113.42716054975992,97.05933016461941,129.79499093490043,88.39472414810561,138.45959695141423,"ARIMA (0, 1, 2) mit Drift",23. Liesing 
2021,NA,NA,121.92519893707535,103.04755362581813,140.80284424833258,93.05433184304431,150.7960660311064,"ARIMA (0, 1, 2) mit Drift",23. Liesing 
2022,NA,NA,130.42323732439078,108.33932650559456,152.507148143187,96.64881028895468,164.1976643598269,"ARIMA (0, 1, 2) mit Drift",23. Liesing 
2023,NA,NA,138.92127571170622,113.03013676618627,164.81241465722616,99.32419572189184,178.5183557015206,"ARIMA (0, 1, 2) mit Drift",23. Liesing 
2024,NA,NA,147.41931409902165,117.20730159168596,177.63132660635733,101.21402825109078,193.62459994695251,"ARIMA (0, 1, 2) mit Drift",23. Liesing 
2025,NA,NA,155.91735248633708,120.94039836924927,190.8943066034249,102.42471730761142,209.40998766506274,"ARIMA (0, 1, 2) mit Drift",23. Liesing 
2026,NA,NA,164.4153908736525,124.28235877654647,204.54842297075857,103.0372149067017,225.79356684060332,"ARIMA (0, 1, 2) mit Drift",23. Liesing 
2027,NA,NA,172.91342926096794,127.27321816972083,218.55364035221504,103.1127498418481,242.7141086800878,"ARIMA (0, 1, 2) mit Drift",23. Liesing 
2028,NA,NA,181.41146764828338,129.9436382840837,232.87929701248305,102.69821519057439,260.12472010599237,"ARIMA (0, 1, 2) mit Drift",23. Liesing 
2029,NA,NA,189.9095060355988,132.3175763140794,247.50143575711823,101.83025031999136,277.98876175120625,"ARIMA (0, 1, 2) mit Drift",23. Liesing 
